step,system_total_running,system_total_backlogged,system_total_stopped,system_total_arrived,system_total_departed,system_total_teleported,system_total_waiting_time,system_mean_waiting_time,system_mean_speed,TL_stopped,TL_accumulated_waiting_time,TL_average_speed,agents_total_stopped,agents_total_accumulated_waiting_time
0.0,0,0,0,0,0,0,0.0,0.0,0.0,0,0.0,1.0,0,0.0
5.0,0,0,0,0,0,0,0.0,0.0,0.0,0,0.0,1.0,0,0.0
10.0,0,0,0,0,0,0,0.0,0.0,0.0,0,0.0,1.0,0,0.0
15.0,2,0,0,0,2,0,0.0,0.0,11.692459669720847,0,0.0,0.8904439603860331,0,0.0
20.0,2,0,0,0,2,0,0.0,0.0,12.822881735334807,0,0.0,0.9713410195431835,0,0.0
25.0,2,0,0,0,2,0,0.0,0.0,12.983544432264456,0,0.0,0.9840837730433631,0,0.0
30.0,3,0,0,0,3,0,0.0,0.0,12.807418297431234,0,0.0,0.9078135886733607,0,0.0
35.0,4,0,0,0,4,0,0.0,0.0,13.441363652817524,0,0.0,0.9372425856509334,0,0.0
40.0,5,0,0,0,5,0,0.0,0.0,13.941297480158772,0,0.0,0.9747012336380314,0,0.0
45.0,6,0,0,0,6,0,0.0,0.0,13.698464980512341,0,0.0,0.9705132851282516,0,0.0
50.0,6,0,0,0,6,0,0.0,0.0,13.86769559943145,0,0.0,0.9837888428349298,0,0.0
55.0,8,0,0,0,8,0,0.0,0.0,13.151379564365147,0,0.0,0.963185901822087,0,0.0
60.0,10,0,0,0,10,0,0.0,0.0,13.065999468693732,0,0.0,0.9517250604997767,0,0.0
65.0,12,0,0,0,12,0,0.0,0.0,12.989311208289456,0,0.0,0.935079789874997,0,0.0
70.0,12,0,1,0,12,0,3.0,0.25,12.547871899045807,1,3.0,0.9045518330974377,1,3.0
75.0,14,0,0,0,14,0,0.0,0.0,12.114904831043868,0,7.0,0.9073489298909755,0,7.0
80.0,14,0,1,0,14,0,2.0,0.14285714285714285,11.784822369359777,1,2.0,0.8956239021725803,1,2.0
85.0,16,0,0,0,16,0,0.0,0.0,11.908761285125887,0,6.0,0.8660254188100732,0,6.0
90.0,16,0,0,0,16,0,0.0,0.0,12.674225786481795,0,0.0,0.9489066000341261,0,0.0
95.0,20,0,0,0,20,0,0.0,0.0,12.184655925235656,0,1.0,0.867304265676596,0,1.0
100.0,24,0,0,0,24,0,0.0,0.0,12.68086455136036,0,0.0,0.9258031473030346,0,0.0
105.0,27,0,0,0,27,0,0.0,0.0,12.59367474607711,0,1.0,0.9070704989134736,0,1.0
110.0,29,0,0,0,29,0,0.0,0.0,13.085003569206362,0,0.0,0.9580978096158485,0,0.0
115.0,29,0,0,0,29,0,0.0,0.0,11.707673093247257,0,0.0,0.8193047421463302,0,0.0
120.0,30,0,3,0,30,0,11.0,0.36666666666666664,11.670933948879355,3,11.0,0.8372818229216541,3,11.0
125.0,33,0,2,1,34,0,17.0,0.5151515151515151,11.796755460291424,2,25.0,0.8400450670148066,2,25.0
130.0,34,0,2,1,35,0,17.0,0.5,12.05749995884738,2,17.0,0.8846466758801719,2,17.0
135.0,37,0,2,1,38,0,27.0,0.7297297297297297,12.341704311206149,2,27.0,0.8764405037765505,2,27.0
140.0,39,0,3,2,41,0,40.0,1.0256410256410255,12.224071313595312,3,40.0,0.8563629511946911,3,40.0
145.0,40,0,3,3,43,0,49.0,1.225,11.708945622282442,3,56.0,0.8234166668369961,3,56.0
150.0,44,0,4,3,47,0,69.0,1.5681818181818181,11.323603139792603,4,69.0,0.8061891422032815,4,69.0
155.0,45,0,4,3,48,0,81.0,1.8,10.831940700204067,4,96.0,0.7480242287478831,4,96.0
160.0,50,0,5,5,55,0,100.0,2.0,10.16175247944121,5,100.0,0.7356587421684171,5,100.0
165.0,53,0,6,5,58,0,120.0,2.2641509433962264,10.297076576135035,6,134.0,0.7179374678047706,6,134.0
170.0,56,0,8,5,61,0,159.0,2.8392857142857144,10.843266711753154,8,159.0,0.7646084226982973,8,159.0
175.0,59,0,5,7,66,0,168.0,2.847457627118644,10.789188905976035,5,196.0,0.7447351408270748,5,196.0
180.0,63,0,6,9,72,0,198.0,3.142857142857143,11.197960396565035,6,198.0,0.8271335726335991,6,198.0
185.0,66,0,5,9,75,0,218.0,3.303030303030303,11.055687954644643,5,227.0,0.8131039072309836,5,227.0
190.0,73,0,7,9,82,0,250.0,3.4246575342465753,11.267653636109767,7,250.0,0.8026940952051613,7,250.0
195.0,77,0,9,10,87,0,291.0,3.779220779220779,11.51738353277093,9,291.0,0.8045866389305788,9,291.0
200.0,79,0,9,11,90,0,336.0,4.253164556962025,11.7984471659466,9,336.0,0.8169903623552619,9,336.0
205.0,79,0,10,12,91,0,382.0,4.8354430379746836,11.520910123187043,10,382.0,0.7843698906961405,10,382.0
210.0,80,0,13,14,94,0,440.0,5.5,11.011805213901601,13,440.0,0.7389784233190863,13,440.0
215.0,85,1,15,16,101,0,511.0,6.011764705882353,10.855838961712337,15,511.0,0.7229912431134239,15,511.0
220.0,91,0,15,18,109,0,586.0,6.43956043956044,11.0354941362679,15,586.0,0.7477271699236892,15,586.0
225.0,93,0,13,20,113,0,500.0,5.376344086021505,10.759796818854033,13,659.0,0.7231111996664003,13,659.0
230.0,97,0,18,22,119,0,567.0,5.845360824742268,10.240758418952835,18,567.0,0.697689385822624,18,567.0
235.0,103,0,20,23,126,0,637.0,6.184466019417476,9.662946694930055,20,664.0,0.6470233894304523,20,664.0
240.0,108,0,16,24,132,0,697.0,6.453703703703703,9.998540194377007,16,705.0,0.7057339015431618,16,705.0
245.0,108,0,18,27,135,0,782.0,7.2407407407407405,9.978466033279037,18,785.0,0.6929264628149524,18,785.0
250.0,112,0,21,30,142,0,880.0,7.857142857142857,10.149044183833793,21,880.0,0.6789515681153271,21,880.0
255.0,114,0,18,30,144,0,660.0,5.7894736842105265,10.418125948843942,18,987.0,0.6712985152902377,18,987.0
260.0,119,0,9,32,151,0,484.0,4.067226890756302,10.872688442083344,9,535.0,0.7852612009548792,9,535.0
265.0,123,0,9,33,156,0,510.0,4.146341463414634,10.77041575886853,9,585.0,0.7459802260256452,9,585.0
270.0,124,0,14,36,160,0,569.0,4.588709677419355,10.825900239258141,14,620.0,0.7648131350067249,14,620.0
275.0,129,0,17,39,168,0,642.0,4.976744186046512,10.994117302354919,17,693.0,0.7485646280260909,17,693.0
280.0,133,0,19,39,172,0,729.0,5.481203007518797,10.997424174730758,19,780.0,0.7104953275293614,19,780.0
285.0,141,0,23,40,181,0,840.0,5.957446808510638,10.89256869132784,23,891.0,0.6836729237130617,23,891.0
290.0,146,0,26,42,188,0,963.0,6.595890410958904,10.776560128469987,26,1015.0,0.6701933971470808,26,1015.0
295.0,149,0,29,44,193,0,1104.0,7.409395973154362,10.705545298244427,29,1156.0,0.6567211075974224,29,1156.0
300.0,151,0,32,47,198,0,1255.0,8.311258278145695,10.430938076845568,32,1307.0,0.6254227483854542,32,1307.0
305.0,151,0,34,52,203,0,1419.0,9.397350993377483,10.239351555762806,34,1471.0,0.6146705166258875,34,1471.0
310.0,149,0,35,58,207,0,1594.0,10.697986577181208,10.184289193483224,35,1646.0,0.6086361008493103,35,1646.0
315.0,148,0,35,63,211,0,1769.0,11.952702702702704,10.09558554171186,35,1821.0,0.603872548608998,35,1821.0
320.0,147,0,36,69,216,0,1949.0,13.258503401360544,9.90906510683406,36,2001.0,0.605121433921109,36,2001.0
325.0,146,0,39,75,221,0,2140.0,14.657534246575343,9.609415821945417,39,2192.0,0.5733703899617837,39,2192.0
330.0,145,0,37,80,225,0,1988.0,13.710344827586207,9.209421663218842,37,2394.0,0.5472961014617415,37,2394.0
335.0,148,0,18,87,235,0,1380.0,9.324324324324325,9.185420631697262,18,1797.0,0.6100740079053407,18,1797.0
340.0,154,0,18,90,244,0,1462.0,9.493506493506494,9.749209766471779,18,1625.0,0.6608989546407699,18,1625.0
345.0,161,0,27,91,252,0,1548.0,9.614906832298137,9.477297265241576,27,1747.0,0.590101887926538,27,1747.0
350.0,163,0,35,95,258,0,1699.0,10.423312883435583,9.469131774857198,35,1863.0,0.6018517053433852,35,1863.0
355.0,164,0,39,102,266,0,1890.0,11.524390243902438,9.387440566860219,39,2053.0,0.589228908203934,39,2053.0
360.0,168,0,42,105,273,0,2094.0,12.464285714285714,9.546982673644987,42,2257.0,0.5835238653002207,42,2257.0
365.0,175,1,43,107,282,0,2308.0,13.188571428571429,9.842576047738234,43,2471.0,0.6023400234285124,43,2471.0
370.0,173,0,45,114,287,0,2527.0,14.606936416184972,9.618378510362163,45,2690.0,0.5878345385166753,45,2690.0
375.0,176,0,50,116,292,0,2766.0,15.715909090909092,9.363098413529189,50,2929.0,0.5733542770943795,50,2929.0
380.0,179,1,53,117,296,0,3028.0,16.916201117318437,9.210278502167487,53,3191.0,0.5531055713441018,53,3191.0
385.0,185,0,56,119,304,0,3304.0,17.85945945945946,9.14207945669472,56,3467.0,0.548213203610465,56,3467.0
390.0,186,1,60,124,310,0,3597.0,19.338709677419356,8.892739480114583,60,3760.0,0.5237026526852546,60,3760.0
395.0,195,0,63,126,321,0,3908.0,20.04102564102564,8.856409140174993,63,4071.0,0.5279450524986776,63,4071.0
400.0,194,0,63,133,327,0,4223.0,21.7680412371134,8.844318484287038,63,4386.0,0.5354494368672136,63,4386.0
405.0,193,1,62,140,333,0,4172.0,21.616580310880828,8.277591474443906,62,4703.0,0.4968230537998707,62,4703.0
410.0,188,0,44,150,338,0,3034.0,16.138297872340427,7.878373072522683,44,4137.0,0.49881055666479857,44,4137.0
415.0,189,0,39,154,343,0,2923.0,15.465608465608465,8.030697903881851,39,3878.0,0.5091664973512197,39,3878.0
420.0,191,0,40,160,351,0,3116.0,16.31413612565445,8.60096251949069,40,3561.0,0.5463610020463583,40,3561.0
425.0,199,2,45,162,361,0,3336.0,16.763819095477388,9.251259311811285,45,3408.0,0.566307636209384,45,3408.0
430.0,206,0,50,163,369,0,3195.0,15.509708737864077,9.293609245412789,50,3618.0,0.5384940020203187,50,3618.0
435.0,217,0,54,166,383,0,2787.0,12.84331797235023,9.082570623984987,54,3334.0,0.5364840031916922,54,3334.0
440.0,226,1,55,169,395,0,2872.0,12.70796460176991,9.038174969355083,55,3586.0,0.5428444322185924,55,3586.0
445.0,232,2,47,174,406,0,2681.0,11.556034482758621,9.216030111933593,47,3491.0,0.5900598813015765,47,3491.0
450.0,242,1,49,177,419,0,2919.0,12.061983471074381,9.500250470405714,49,3578.0,0.6163166321214161,49,3578.0
455.0,252,0,53,178,430,0,3172.0,12.587301587301587,9.782751130503476,53,3734.0,0.6241098695808452,53,3734.0
460.0,259,0,58,179,438,0,3449.0,13.316602316602317,10.037460458833502,58,3994.0,0.6130803524830788,58,3994.0
465.0,260,0,59,185,445,0,3689.0,14.188461538461539,9.974646253315509,59,4077.0,0.6087494542398023,59,4077.0
470.0,262,0,59,192,454,0,3828.0,14.610687022900763,9.728838959429249,59,4052.0,0.6034527760981323,59,4052.0
475.0,269,0,61,200,469,0,4087.0,15.193308550185874,9.46781964536681,61,4356.0,0.5932026241650549,61,4356.0
480.0,275,1,68,209,484,0,4402.0,16.007272727272728,9.187567379621967,68,4655.0,0.5809145003896727,68,4655.0
485.0,275,2,78,220,495,0,4771.0,17.349090909090908,9.149479206437883,78,5024.0,0.5748348054878526,78,5024.0
490.0,272,0,85,231,503,0,5156.0,18.955882352941178,8.664998769425669,85,5434.0,0.5343575809647929,85,5434.0
495.0,280,1,88,232,512,0,5533.0,19.760714285714286,8.645300933763183,88,5727.0,0.5336168880632662,88,5727.0
500.0,284,0,94,234,518,0,5574.0,19.62676056338028,8.170795518717213,94,6186.0,0.4886141473813752,94,6186.0
505.0,290,0,82,237,527,0,4499.0,15.513793103448275,7.762670768923855,82,5794.0,0.46718360773349465,82,5794.0
510.0,291,0,76,249,540,0,4238.0,14.563573883161512,7.871670524546343,76,5832.0,0.48833368031117835,76,5832.0
515.0,292,0,67,258,550,0,4343.0,14.873287671232877,8.367871578737258,67,5548.0,0.5277291263435424,67,5548.0
520.0,289,0,68,269,558,0,4624.0,16.0,8.664332553877895,68,5310.0,0.532149194239852,68,5310.0
525.0,291,0,77,274,565,0,4788.0,16.45360824742268,8.406446265558884,77,5682.0,0.4850724223125502,77,5682.0
530.0,302,1,74,276,578,0,4536.0,15.019867549668874,8.122381549469736,74,5691.0,0.47139058365156933,74,5691.0
535.0,302,1,69,284,586,0,4704.0,15.57615894039735,7.915326156226006,69,5878.0,0.45820741437686086,69,5878.0
540.0,308,0,81,287,595,0,5074.0,16.474025974025974,8.071897331827538,81,5984.0,0.45650677447496774,81,5984.0
545.0,316,0,91,290,606,0,5513.0,17.446202531645568,8.543950905130803,91,6270.0,0.4782425997133175,91,6270.0
550.0,325,0,96,293,618,0,5987.0,18.42153846153846,8.906857414217397,96,6679.0,0.4897228480283024,96,6679.0
555.0,335,1,99,293,628,0,6478.0,19.33731343283582,9.055542839257816,99,7164.0,0.485640807601092,99,7164.0
560.0,338,0,108,297,635,0,6991.0,20.683431952662723,8.880438184943541,108,7677.0,0.451332081768812,108,7677.0
565.0,338,2,111,307,645,0,7308.0,21.62130177514793,8.313407646754827,111,8238.0,0.41216300299953906,111,8238.0
570.0,342,3,96,317,659,0,6804.0,19.894736842105264,8.231152857933818,96,8052.0,0.4424980686299362,96,8052.0
575.0,346,0,83,329,675,0,6712.0,19.398843930635838,8.36394176530965,83,8154.0,0.47598700624659923,83,8154.0
580.0,349,0,75,337,686,0,6648.0,19.048710601719197,8.819003624988383,75,8031.0,0.5145377163034914,75,8031.0
585.0,350,0,68,343,693,0,6771.0,19.345714285714287,9.340416729265357,68,7892.0,0.5459488881391427,68,7892.0
590.0,354,0,70,349,703,0,7067.0,19.963276836158194,9.523476111391654,70,7948.0,0.5465333673890523,70,7948.0
595.0,355,1,76,356,711,0,7434.0,20.940845070422537,9.510237223433156,76,8062.0,0.5378515917104745,76,8062.0
600.0,349,0,85,372,721,0,7844.0,22.4756446991404,9.450502533992735,85,8251.0,0.5385025508611856,85,8251.0
605.0,343,0,92,388,731,0,8287.0,24.160349854227405,9.288631041849941,92,8505.0,0.5302099455553302,92,8505.0
610.0,339,1,99,399,738,0,8558.0,25.244837758112094,8.745639931481373,99,8983.0,0.4835382741259935,99,8983.0
615.0,344,2,103,411,755,0,8150.0,23.691860465116278,8.332503224647644,103,8988.0,0.46373378821645905,103,8988.0
620.0,346,0,112,420,766,0,8061.0,23.297687861271676,7.908979894849257,112,9534.0,0.4386818414673566,112,9534.0
625.0,351,0,102,424,775,0,7487.0,21.33048433048433,7.671253255237614,102,9440.0,0.42645889176438406,102,9440.0
630.0,354,0,96,430,784,0,7531.0,21.274011299435028,7.707904334431615,96,9681.0,0.4286280586528293,96,9681.0
635.0,352,1,96,445,797,0,7943.0,22.56534090909091,7.955047726329135,96,9700.0,0.46244689664233857,96,9700.0
640.0,357,1,102,454,811,0,8441.0,23.644257703081234,8.435923352411614,102,9876.0,0.49657144675689924,102,9876.0
645.0,356,0,110,465,821,0,8920.0,25.0561797752809,8.129955367589456,110,10344.0,0.46353119654133434,110,10344.0
650.0,347,0,124,480,827,0,9282.0,26.7492795389049,7.577598248833229,124,10399.0,0.4256075307991673,124,10399.0
655.0,350,0,140,485,835,0,9871.0,28.202857142857145,7.3331239535626755,140,10834.0,0.4093189820296919,140,10834.0
660.0,346,0,148,498,844,0,10574.0,30.560693641618496,6.9590401038064265,148,11185.0,0.39005481980060375,148,11185.0
665.0,344,0,160,508,852,0,11351.0,32.997093023255815,6.6970855808194765,160,11691.0,0.36850818874976143,160,11691.0
670.0,352,3,164,511,863,0,11816.0,33.56818181818182,6.472862540758022,164,12510.0,0.3513579393861373,164,12510.0
675.0,360,1,150,512,872,0,11033.0,30.647222222222222,6.38028882022629,150,12546.0,0.3486369344680755,150,12546.0
680.0,368,0,141,515,883,0,10832.0,29.434782608695652,6.47772394074098,141,12886.0,0.3529367526472147,141,12886.0
685.0,371,2,126,521,892,0,11010.0,29.67654986522911,6.773011232859068,126,12988.0,0.36791305376644634,126,12988.0
690.0,376,1,125,531,907,0,11524.0,30.648936170212767,6.977678276132432,125,12856.0,0.377993137505112,125,12856.0
695.0,373,0,126,545,918,0,12148.0,32.56836461126005,7.398128067076632,126,13013.0,0.4125405339735181,126,13013.0
700.0,372,0,138,556,928,0,12478.0,33.543010752688176,7.05515524847361,138,13676.0,0.3885259276795312,138,13676.0
705.0,381,1,131,561,942,0,11606.0,30.46194225721785,6.761284376946221,131,13609.0,0.3759711939668998,131,13609.0
710.0,389,0,129,564,953,0,11116.0,28.575835475578405,6.849300110044129,129,13850.0,0.3811826491711239,129,13850.0
715.0,395,1,123,570,965,0,11161.0,28.255696202531645,7.034166179168244,123,13818.0,0.39112961797366735,123,13818.0
720.0,400,0,119,576,976,0,11668.0,29.17,7.548102515850278,119,13725.0,0.42360139568176347,119,13725.0
725.0,414,1,121,578,992,0,12242.0,29.570048309178745,8.076541665619981,121,13684.0,0.45670349754785444,121,13684.0
730.0,418,1,128,581,999,0,12856.0,30.75598086124402,8.263170319191493,128,13865.0,0.45369421903888274,128,13865.0
735.0,426,0,138,585,1011,0,12460.0,29.248826291079812,8.025364831482266,138,14495.0,0.42822785649702094,138,14495.0
740.0,432,0,152,591,1023,0,8725.0,20.19675925925926,7.629149336778109,152,13153.0,0.39804336225136283,152,13153.0
745.0,428,0,164,608,1036,0,7024.0,16.411214953271028,7.167072359620944,164,12969.0,0.3762750208871632,164,12969.0
750.0,422,1,175,624,1046,0,6310.0,14.95260663507109,6.918684712498016,175,12158.0,0.3722710624822608,175,12158.0
755.0,427,1,179,632,1059,0,6090.0,14.262295081967213,6.765025495907509,179,10914.0,0.35978055741263293,179,10914.0
760.0,434,0,188,637,1071,0,6592.0,15.188940092165899,6.814525889874186,188,10673.0,0.3623208723412653,188,10673.0
765.0,442,1,192,642,1084,0,6702.0,15.16289592760181,6.422715678804525,192,11316.0,0.3356105737465252,192,11316.0
770.0,448,1,176,652,1100,0,5636.0,12.580357142857142,6.343140620132843,176,11228.0,0.3483923563564216,176,11228.0
775.0,454,0,172,664,1118,0,5048.0,11.118942731277533,6.310202279429584,172,11369.0,0.3593545556085769,172,11369.0
780.0,448,0,162,680,1128,0,4750.0,10.602678571428571,6.32302378663583,162,11319.0,0.36298605741876316,162,11319.0
785.0,449,0,160,694,1143,0,4881.0,10.870824053452116,6.553047438810433,160,11183.0,0.3766455696445464,160,11183.0
790.0,450,0,156,708,1158,0,5531.0,12.29111111111111,6.896082015441233,156,11148.0,0.4028583846865115,156,11148.0
795.0,458,0,162,712,1170,0,6314.0,13.786026200873362,7.127217829858452,162,11251.0,0.40453765542078746,162,11251.0
800.0,471,0,170,716,1187,0,7146.0,15.171974522292993,7.476325439482954,170,11598.0,0.4281843713312193,170,11598.0
805.0,483,2,175,721,1204,0,8014.0,16.592132505175982,7.7742908740667875,175,12017.0,0.44216301202332825,175,12017.0
810.0,492,2,183,728,1220,0,8913.0,18.115853658536587,7.857504473796729,183,12725.0,0.44169096676399106,183,12725.0
815.0,504,2,189,730,1234,0,9843.0,19.529761904761905,7.7219908392736345,189,13603.0,0.4181120457226207,189,13603.0
820.0,514,1,200,734,1248,0,10828.0,21.06614785992218,7.614568055263076,200,14572.0,0.39353878714770785,200,14572.0
825.0,524,1,214,736,1260,0,11880.0,22.671755725190838,7.461625280827053,214,15621.0,0.3691955529773485,214,15621.0
830.0,530,0,223,745,1275,0,12977.0,24.484905660377358,7.3472045447862735,223,16718.0,0.36267444689734585,223,16718.0
835.0,540,2,228,752,1292,0,14113.0,26.135185185185186,7.357237592350385,228,17854.0,0.36697785217256385,228,17854.0
840.0,541,1,235,766,1307,0,15271.0,28.22735674676525,7.165770977542149,235,19012.0,0.3585215390793674,235,19012.0
845.0,542,2,247,779,1321,0,16479.0,30.404059040590408,6.97705615473225,247,20220.0,0.34753593719369874,247,20220.0
850.0,547,0,255,788,1335,0,17738.0,32.42778793418647,6.927964550541558,255,21479.0,0.34899106941760366,255,21479.0
855.0,537,0,262,807,1344,0,19031.0,35.43947858472998,6.540043967533152,262,22772.0,0.32711679967831714,262,22772.0
860.0,536,0,268,823,1359,0,20367.0,37.99813432835821,6.333723767208836,268,24108.0,0.31866620987702393,268,24108.0
865.0,537,0,275,840,1377,0,21730.0,40.465549348230915,6.146261920625945,275,25471.0,0.31892397508593934,275,25471.0
870.0,531,1,284,857,1388,0,23137.0,43.57250470809793,5.952178704542976,284,26878.0,0.3086533480787467,284,26878.0
875.0,536,2,292,866,1402,0,24583.0,45.86380597014925,5.877961742972381,292,28324.0,0.303098435977683,292,28324.0
880.0,534,2,302,880,1414,0,26065.0,48.81086142322097,5.635286106970668,302,29806.0,0.285273991349476,302,29806.0
885.0,538,1,304,889,1427,0,26687.0,49.60408921933085,5.316932592900118,304,31332.0,0.2675978333056547,304,31332.0
890.0,538,1,297,903,1441,0,24021.0,44.64869888475837,5.049960291617245,297,30846.0,0.2647488765303752,297,30846.0
895.0,539,0,286,913,1452,0,21798.0,40.44155844155844,5.026209979667075,286,31369.0,0.270266091358591,286,31369.0
900.0,552,0,273,915,1467,0,19849.0,35.958333333333336,5.252195939241105,273,30934.0,0.27759364421469945,273,30934.0
905.0,560,0,267,919,1479,0,18394.0,32.84642857142857,5.562699691397399,267,29781.0,0.2852384994582972,267,29781.0
910.0,559,0,252,928,1487,0,17174.0,30.722719141323793,5.743462749491915,252,29404.0,0.29159629635420675,252,29404.0
915.0,568,4,224,935,1503,0,15581.0,27.431338028169016,5.959781241191171,224,28147.0,0.30166909493370075,224,28147.0
920.0,576,0,208,941,1517,0,15097.0,26.210069444444443,6.206947211205137,208,27556.0,0.31242585040506954,208,27556.0
925.0,580,3,203,951,1531,0,15069.0,25.98103448275862,6.44395702498571,203,26860.0,0.32720308479292687,203,26860.0
930.0,585,4,199,960,1545,0,15444.0,26.4,6.702350141900414,199,26417.0,0.34801825826985466,199,26417.0
935.0,592,4,193,968,1560,0,15444.0,26.08783783783784,6.595188822466796,193,27291.0,0.3428594997651131,193,27291.0
940.0,601,0,203,975,1576,0,13886.0,23.104825291181363,6.32374740682887,203,26999.0,0.32549981600791805,203,26999.0
945.0,603,0,217,978,1581,0,13366.0,22.165837479270316,6.113072870779516,217,27479.0,0.30863691004899596,217,27479.0
950.0,606,2,234,985,1591,0,13296.0,21.940594059405942,5.897021035698301,234,27366.0,0.2934205882227987,234,27366.0
955.0,609,0,257,996,1605,0,13572.0,22.285714285714285,5.576807837344322,257,27743.0,0.27494892288596456,257,27743.0
960.0,606,1,278,1009,1615,0,14363.0,23.7013201320132,5.3944904334788015,278,28159.0,0.26569832781695113,278,28159.0
965.0,610,1,296,1021,1631,0,15534.0,25.465573770491805,5.149050901679946,296,28842.0,0.2539974642399728,296,28842.0
970.0,605,2,312,1041,1646,0,16518.0,27.302479338842975,4.75212121987799,312,30229.0,0.24540579745299287,312,30229.0
975.0,607,0,313,1053,1660,0,15801.0,26.031301482701814,4.565292522572877,313,30801.0,0.24571020998619264,313,30801.0
980.0,605,1,322,1068,1673,0,15728.0,25.996694214876033,4.344549290328034,322,31849.0,0.23783456828424127,322,31849.0
985.0,602,0,330,1082,1684,0,16138.0,26.80730897009967,4.247895800397793,330,32472.0,0.22911597233458256,330,32472.0
990.0,606,2,331,1096,1702,0,16916.0,27.914191419141915,4.380120281430396,331,33252.0,0.23336832134326502,331,33252.0
995.0,617,1,325,1100,1717,0,18001.0,29.175040518638575,4.780630305071298,325,34036.0,0.2515520879373489,325,34036.0
1000.0,626,0,323,1104,1730,0,19392.0,30.977635782747605,5.050113606853207,323,34782.0,0.25923068261356647,323,34782.0
1005.0,640,1,330,1107,1747,0,21016.0,32.8375,5.382840594541858,330,35812.0,0.2742956025493295,330,35812.0
1010.0,647,0,338,1113,1760,0,22690.0,35.06955177743431,5.585106262506878,338,36970.0,0.283646157019373,338,36970.0
1015.0,657,1,345,1118,1775,0,24401.0,37.140030441400306,5.768904860899161,345,38194.0,0.2877812999860179,345,38194.0
1020.0,668,2,357,1123,1791,0,26160.0,39.16167664670659,5.758237193625193,357,39602.0,0.27522782781732663,357,39602.0
1025.0,680,0,369,1125,1805,0,27441.0,40.35441176470588,5.481504976863199,369,41398.0,0.24849683592258073,369,41398.0
1030.0,682,0,365,1130,1812,0,26710.0,39.16422287390029,5.140742140235255,365,41000.0,0.22171234966386968,365,41000.0
1035.0,683,0,367,1135,1818,0,26390.0,38.63836017569546,5.015654228653431,367,41756.0,0.20997855554847883,367,41756.0
1040.0,683,1,346,1145,1828,0,25466.0,37.28550512445095,5.079135377250411,346,40407.0,0.21227457897918028,346,40407.0
1045.0,682,0,321,1161,1843,0,24227.0,35.523460410557185,5.253182613184407,321,40060.0,0.2263556444667608,321,40060.0
1050.0,679,0,309,1173,1852,0,23719.0,34.93225331369661,5.278565353903468,309,39873.0,0.22168732998247448,309,39873.0
1055.0,681,0,297,1187,1868,0,22988.0,33.756240822320116,5.379725500964783,297,39348.0,0.2294838456115629,297,39348.0
1060.0,685,0,289,1201,1886,0,22810.0,33.2992700729927,5.573564369696912,289,38869.0,0.24772654699480187,289,38869.0
1065.0,683,2,280,1217,1900,0,22502.0,32.94582723279649,5.701370742735283,280,38338.0,0.2629695472140358,280,38338.0
1070.0,681,1,271,1230,1911,0,22971.0,33.731277533039645,5.6803150707796535,271,37913.0,0.2605827000340147,271,37913.0
1075.0,674,0,269,1242,1916,0,23790.0,35.29673590504451,5.6497491788760295,269,37630.0,0.2487615310082419,269,37630.0
1080.0,670,1,257,1256,1926,0,24626.0,36.755223880597015,5.675381219470588,257,37474.0,0.24999539745658036,257,37474.0
1085.0,674,1,254,1265,1939,0,25602.0,37.98516320474778,5.7766346879485875,254,37973.0,0.25608121782667664,254,37973.0
1090.0,680,0,259,1274,1954,0,26733.0,39.313235294117646,5.96282546527485,259,38404.0,0.2731328274657706,259,38404.0
1095.0,678,1,265,1285,1963,0,27743.0,40.918879056047196,5.935100339846465,265,39519.0,0.28003867670047566,265,39519.0
1100.0,673,1,275,1298,1971,0,27937.0,41.5111441307578,5.599417283162095,275,39608.0,0.2634980565723685,275,39608.0
1105.0,670,1,289,1313,1983,0,28245.0,42.156716417910445,5.4274097181578425,289,40378.0,0.26191794321217304,289,40378.0
1110.0,673,2,302,1323,1996,0,28617.0,42.52154531946508,5.2159565256120795,302,40478.0,0.25041874287620225,302,40478.0
1115.0,671,3,323,1339,2010,0,29130.0,43.41281669150521,4.954397890277208,323,41094.0,0.24092535237663376,323,41094.0
1120.0,669,0,340,1352,2021,0,30003.0,44.847533632286996,4.635813831696289,340,41856.0,0.22039711458156003,340,41856.0
1125.0,664,0,351,1366,2030,0,31456.0,47.373493975903614,4.424574331080681,351,42816.0,0.21173386095588007,351,42816.0
1130.0,659,3,373,1388,2047,0,33245.0,50.44764795144158,4.332812311948214,373,44112.0,0.2225302690544333,373,44112.0
1135.0,653,1,394,1407,2060,0,34505.0,52.84073506891271,3.9677070504594556,394,45809.0,0.21202172654058,394,45809.0
1140.0,649,0,394,1420,2069,0,33223.0,51.19106317411402,3.5840797685260357,394,46332.0,0.1958278605358024,394,46332.0
1145.0,649,1,399,1430,2079,0,32616.0,50.2557781201849,3.282394854335643,399,47641.0,0.17644895011492154,399,47641.0
1150.0,649,0,405,1438,2087,0,32253.0,49.696456086286595,3.324252963181704,405,48228.0,0.17286080692516195,405,48228.0
1155.0,660,3,410,1440,2100,0,32053.0,48.56515151515151,3.5384608020893777,410,48582.0,0.17211612368730747,410,48582.0
1160.0,673,0,407,1443,2116,0,32472.0,48.24962852897474,3.849692508519067,407,49395.0,0.18207217701129857,407,49395.0
1165.0,680,1,397,1446,2126,0,33139.0,48.733823529411765,4.193595339987824,397,49765.0,0.19360753574383302,397,49765.0
1170.0,687,1,388,1449,2136,0,34131.0,49.68122270742358,4.374256758439053,388,50239.0,0.19065965776689728,388,50239.0
1175.0,694,1,381,1452,2146,0,35416.0,51.03170028818444,4.693666256513189,381,50951.0,0.20542600941453765,381,50951.0
1180.0,696,1,371,1460,2156,0,37047.0,53.22844827586207,4.954480178054172,371,51706.0,0.22084985131975643,371,51706.0
1185.0,707,0,381,1464,2171,0,38388.0,54.2970297029703,4.978270070341623,381,53397.0,0.2244978457919817,381,53397.0
1190.0,713,1,374,1469,2182,0,37752.0,52.948106591865354,4.845092119453277,374,53696.0,0.21893485104634525,374,53696.0
1195.0,727,1,376,1471,2198,0,37635.0,51.76753782668501,4.828190120091538,376,54368.0,0.21311250820494182,376,54368.0
1200.0,731,1,379,1476,2207,0,37643.0,51.49521203830369,4.789697682404354,379,54377.0,0.20149486007956557,379,54377.0
1205.0,729,1,384,1488,2217,0,37635.0,51.62551440329218,4.672148512812073,384,54391.0,0.18432547567766758,384,54391.0
1210.0,728,0,353,1496,2224,0,36260.0,49.80769230769231,4.797645349452093,353,54174.0,0.18847474624803362,353,54174.0
1215.0,721,1,346,1515,2236,0,35848.0,49.71983356449376,4.832903017005108,346,53814.0,0.19435746671807672,346,53814.0
1220.0,714,0,343,1531,2245,0,36253.0,50.77450980392157,5.055735342766212,343,53636.0,0.21370003680488484,343,53636.0
1225.0,714,0,336,1548,2262,0,36841.0,51.59803921568628,5.143077669040496,336,54114.0,0.22675777516225512,336,54114.0
1230.0,711,0,325,1559,2270,0,37485.0,52.721518987341774,5.2528366573912235,325,54544.0,0.23279220576181572,325,54544.0
1235.0,702,4,320,1576,2278,0,38381.0,54.673789173789174,5.1239593756774084,320,55030.0,0.22648980694061577,320,55030.0
1240.0,709,2,318,1587,2296,0,39351.0,55.502115655853316,5.316708977218217,318,55393.0,0.24161081404926193,318,55393.0
1245.0,713,2,312,1594,2307,0,40619.0,56.96914446002805,5.518677933473135,312,55962.0,0.2501085266805196,312,55962.0
1250.0,717,0,320,1600,2317,0,42149.0,58.785216178521615,5.694535708355385,320,56762.0,0.2575953338544864,320,56762.0
1255.0,722,3,329,1611,2333,0,43483.0,60.22576177285318,5.534129488605057,329,58339.0,0.25577467783336405,329,58339.0
1260.0,717,2,342,1626,2343,0,43953.0,61.30125523012552,5.35749365979202,342,58920.0,0.25480863452533664,342,58920.0
1265.0,716,1,357,1636,2352,0,44759.0,62.512569832402235,5.072955735091082,357,59784.0,0.23607133599169583,357,59784.0
1270.0,716,3,374,1647,2363,0,45725.0,63.86173184357542,4.761898632410814,374,60969.0,0.21721995341822958,374,60969.0
1275.0,713,3,392,1664,2377,0,47314.0,66.35904628330997,4.538770154671186,392,62183.0,0.2088863363493543,392,62183.0
1280.0,716,0,414,1677,2393,0,49308.0,68.8659217877095,4.373056896813912,414,63469.0,0.20135563505968349,414,63469.0
1285.0,706,1,440,1696,2402,0,51432.0,72.84985835694052,4.01164123170819,440,64882.0,0.18450333197348562,440,64882.0
1290.0,697,1,464,1713,2410,0,53071.0,76.14203730272597,3.623202824217862,464,66965.0,0.1681599628381503,464,66965.0
1295.0,691,1,467,1727,2418,0,52379.0,75.80173661360347,3.1431514907218983,467,67447.0,0.14556318139322813,467,67447.0
1300.0,694,0,470,1737,2431,0,52272.0,75.31988472622479,3.132360246346364,470,68666.0,0.1499138576869168,470,68666.0
1305.0,688,0,458,1752,2440,0,51862.0,75.38081395348837,3.2104964718536206,458,69079.0,0.1581054969951977,458,69079.0
1310.0,695,0,448,1759,2454,0,51541.0,74.15971223021583,3.357214371428071,448,69165.0,0.15581046712679497,448,69165.0
1315.0,694,2,446,1770,2464,0,51411.0,74.07925072046109,3.477025344250375,446,69438.0,0.15702710150638327,446,69438.0
1320.0,704,4,433,1773,2477,0,51345.0,72.93323863636364,3.9142143492525494,433,69565.0,0.17682543025912686,433,69565.0
1325.0,716,3,414,1777,2493,0,51654.0,72.14245810055866,4.366679106906777,414,69763.0,0.2006087279047118,414,69763.0
1330.0,725,0,399,1780,2505,0,52355.0,72.21379310344828,4.744961554681302,399,70241.0,0.22059697273151518,399,70241.0
1335.0,726,3,385,1789,2515,0,52942.0,72.9228650137741,4.622082442552294,385,71899.0,0.21624384580099773,385,71899.0
1340.0,728,0,364,1794,2522,0,51943.0,71.35027472527473,4.493467092967367,364,72188.0,0.210562064587694,364,72188.0
1345.0,739,1,359,1796,2535,0,51706.0,69.96752368064952,4.537591308780658,359,73096.0,0.21162915435127586,359,73096.0
1350.0,744,0,353,1798,2542,0,51441.0,69.14112903225806,4.656774721120393,353,73025.0,0.21063997480731592,353,73025.0
1355.0,751,2,361,1804,2555,0,51417.0,68.4647137150466,4.769871226163169,361,72777.0,0.20603357615373571,361,72777.0
1360.0,746,0,361,1815,2561,0,51441.0,68.95576407506702,4.8771379891810955,361,72830.0,0.20833089037827174,361,72830.0
1365.0,749,0,356,1826,2575,0,51257.0,68.43391188251002,4.880684134434391,356,72785.0,0.2054200500452393,356,72785.0
1370.0,743,0,348,1835,2578,0,51300.0,69.04441453566622,4.93945118762403,348,72880.0,0.2000131909710465,348,72880.0
1375.0,731,1,355,1854,2585,0,52143.0,71.33105335157319,4.801066844093963,355,72879.0,0.18784440263149263,355,72879.0
1380.0,728,0,363,1867,2595,0,53412.0,73.36813186813187,4.837116540217359,363,73531.0,0.18817220073945126,363,73531.0
1385.0,720,1,370,1883,2603,0,55057.0,76.46805555555555,4.862574014185896,370,74037.0,0.1873691626100531,370,74037.0
1390.0,717,1,381,1895,2612,0,56892.0,79.34728033472804,4.928453613713646,381,74688.0,0.18836881269908176,381,74688.0
1395.0,712,0,391,1904,2616,0,57536.0,80.80898876404494,4.829518908845418,391,76628.0,0.18620097890990275,391,76628.0
1400.0,713,1,402,1912,2625,0,53223.0,74.64656381486677,4.607557293466698,402,75208.0,0.17654562632284734,402,75208.0
1405.0,715,2,420,1921,2636,0,50256.0,70.28811188811189,4.398267423700976,420,75682.0,0.16941609697260718,420,75682.0
1410.0,716,0,432,1932,2648,0,47373.0,66.16340782122904,4.150758971157316,432,74745.0,0.15773120649709862,432,74745.0
1415.0,715,0,453,1945,2660,0,44079.0,61.64895104895105,3.838972797142566,453,72576.0,0.13897919737610603,453,72576.0
1420.0,711,0,469,1958,2669,0,41670.0,58.607594936708864,3.680542249630865,469,72094.0,0.13196942858335844,469,72094.0
1425.0,701,0,484,1979,2680,0,39945.0,56.982881597717544,3.470241166663113,484,70991.0,0.13166398709552438,484,70991.0
1430.0,693,0,489,1997,2690,0,38473.0,55.516594516594516,3.2949832306823055,489,72813.0,0.13622209077199224,489,72813.0
1435.0,678,0,463,2018,2696,0,32924.0,48.56047197640118,2.996296989213461,463,72754.0,0.13580363408411764,463,72754.0
1440.0,671,0,450,2030,2701,0,29794.0,44.40238450074516,2.782781995495924,450,75036.0,0.13387359195920878,450,75036.0
1445.0,670,0,437,2040,2710,0,24695.0,36.85820895522388,2.6957137995565916,437,74720.0,0.1353386734753294,437,74720.0
1450.0,670,1,430,2050,2720,0,21749.0,32.461194029850745,2.6400724354275673,430,75647.0,0.13404668453854915,430,75647.0
1455.0,677,0,414,2054,2731,0,19956.0,29.477104874446084,2.9262869710948003,414,75070.0,0.14627353705700777,414,75070.0
1460.0,677,1,406,2060,2737,0,19667.0,29.050221565731167,3.1545465632830343,406,74126.0,0.1484747900314598,406,74126.0
1465.0,683,0,409,2065,2748,0,19035.0,27.8696925329429,3.363224415155602,409,73814.0,0.15279363166376794,409,73814.0
1470.0,691,0,405,2069,2760,0,18624.0,26.952243125904488,3.6730136859604303,405,73279.0,0.1634970684861966,405,73279.0
1475.0,696,0,403,2076,2772,0,18173.0,26.110632183908045,3.913442426331112,403,73210.0,0.17380581161747471,403,73210.0
1480.0,706,0,380,2079,2785,0,17613.0,24.94759206798867,4.2902288577144825,380,73018.0,0.19070032482547072,380,73018.0
1485.0,715,2,364,2080,2795,0,17133.0,23.962237762237763,4.681320962868644,364,72708.0,0.2081069223618135,364,72708.0
1490.0,719,2,358,2085,2804,0,17181.0,23.895688456189152,4.918251026548328,358,72893.0,0.21733751736064688,358,72893.0
1495.0,732,1,354,2086,2818,0,17527.0,23.943989071038253,5.2888171720130375,354,72797.0,0.23513246134908944,354,72797.0
1500.0,738,0,345,2090,2828,0,18666.0,25.29268292682927,5.641544690961455,345,73318.0,0.25860796071648423,345,73318.0
1505.0,741,0,348,2098,2839,0,19784.0,26.699055330634277,5.587756618736601,348,74761.0,0.2593079651489772,348,74761.0
1510.0,741,0,358,2104,2845,0,20581.0,27.774628879892038,5.182743157508305,358,73536.0,0.2286109099909323,358,73536.0
1515.0,738,0,372,2117,2855,0,21638.0,29.319783197831978,4.8663099510358565,372,73830.0,0.21435091923125268,372,73830.0
1520.0,733,1,386,2130,2863,0,22815.0,31.125511596180083,4.638879932880378,386,72121.0,0.20152911899587939,386,72121.0
1525.0,734,0,400,2141,2875,0,24215.0,32.990463215258856,4.602050009484527,400,70607.0,0.20497266720931834,400,70607.0
1530.0,726,0,421,2158,2884,0,25653.0,35.33471074380165,4.2716627103354154,421,70098.0,0.19007264918193162,421,70098.0
1535.0,714,0,432,2179,2893,0,27059.0,37.897759103641455,3.8681568592296807,432,67963.0,0.17194537891005157,432,67963.0
1540.0,710,1,414,2190,2900,0,27325.0,38.485915492957744,3.5255424718556894,414,65836.0,0.15075907272886876,414,65836.0
1545.0,707,1,423,2204,2911,0,28489.0,40.2956152758133,3.2078941790725253,423,67067.0,0.13772058349984956,423,67067.0
1550.0,709,0,421,2216,2925,0,29406.0,41.475317348378,3.1464954929787714,421,67548.0,0.14401763982656096,421,67548.0
1555.0,696,0,422,2236,2932,0,30588.0,43.94827586206897,3.039293290484087,422,68683.0,0.14988081662991698,422,68683.0
1560.0,690,0,417,2248,2938,0,31770.0,46.04347826086956,3.090873573371643,417,68833.0,0.1513252694385723,417,68833.0
1565.0,692,0,414,2255,2947,0,32965.0,47.63728323699422,3.266547154773597,414,68825.0,0.1517326099381252,414,68825.0
1570.0,699,0,418,2257,2956,0,34372.0,49.17310443490701,3.5586724757239843,418,69304.0,0.15788709324474637,418,69304.0
1575.0,700,0,409,2262,2962,0,35743.0,51.06142857142857,3.833037047464485,409,69572.0,0.16562456257172886,409,69572.0
1580.0,697,0,397,2269,2966,0,37043.0,53.146341463414636,3.9312920662002098,397,71090.0,0.16459264536469198,397,71090.0
1585.0,701,0,386,2274,2975,0,38295.0,54.62910128388017,4.056453078295011,386,72143.0,0.16513622634253383,386,72143.0
1590.0,707,0,386,2276,2983,0,38503.0,54.45968882602546,4.055083481351953,386,74451.0,0.1624034671576485,386,74451.0
1595.0,711,0,367,2279,2990,0,34640.0,48.72011251758087,4.020893038916826,367,73623.0,0.15980641610761062,367,73623.0
1600.0,712,0,366,2285,2997,0,31472.0,44.20224719101124,3.972448301689872,366,73953.0,0.1551599855873861,366,73953.0
1605.0,714,0,371,2287,3001,0,28615.0,40.07703081232493,4.2445030576318405,371,72859.0,0.16284460243315232,371,72859.0
1610.0,719,1,370,2296,3015,0,25594.0,35.596662030598054,4.567621352732457,370,70446.0,0.1834029584748563,370,70446.0
1615.0,717,0,361,2303,3020,0,23099.0,32.21617852161785,4.722925038158048,361,69266.0,0.18530530600591308,361,69266.0
1620.0,706,0,337,2321,3027,0,19550.0,27.691218130311615,4.594934898676788,337,66756.0,0.17104391068160252,337,66756.0
1625.0,701,0,340,2332,3033,0,17670.0,25.20684736091298,4.740809001912805,340,65480.0,0.1769298743177192,340,65480.0
1630.0,693,0,339,2345,3038,0,17454.0,25.186147186147185,4.800667368217791,339,64543.0,0.1788883991270247,339,64543.0
1635.0,691,1,335,2357,3048,0,18000.0,26.049204052098407,4.971128800951782,335,63482.0,0.18906293789042117,335,63482.0
1640.0,684,1,322,2377,3061,0,18843.0,27.54824561403509,5.0467930498089295,322,62805.0,0.20041031624817784,322,62805.0
1645.0,681,0,320,2389,3070,0,20004.0,29.374449339207047,5.114389385114065,320,61884.0,0.19845881182009897,320,61884.0
1650.0,689,2,315,2398,3087,0,21507.0,31.21480406386067,5.436724732185975,315,61037.0,0.2213831570800816,315,61037.0
1655.0,692,1,322,2402,3094,0,23082.0,33.35549132947977,5.702377441018586,322,61160.0,0.2365240182819231,322,61160.0
1660.0,694,0,324,2413,3107,0,24644.0,35.51008645533141,5.889610462418113,324,61407.0,0.25221527088044765,324,61407.0
1665.0,684,0,326,2428,3112,0,26222.0,38.33625730994152,5.887354593362011,326,61748.0,0.252538039299309,326,61748.0
1670.0,680,0,328,2439,3119,0,27837.0,40.936764705882354,5.820073112610626,328,62312.0,0.24601169767090103,328,62312.0
1675.0,676,1,338,2451,3127,0,29474.0,43.60059171597633,5.656196634322002,338,63154.0,0.2262571360560957,338,63154.0
1680.0,659,0,346,2470,3129,0,31161.0,47.28528072837633,5.477608018580128,346,64148.0,0.21001219581847064,346,64148.0
1685.0,651,2,348,2487,3138,0,32869.0,50.4900153609831,5.326045363409079,348,65286.0,0.20238095303532017,348,65286.0
1690.0,642,1,355,2501,3143,0,34571.0,53.848909657320874,5.172368555697263,355,66574.0,0.1839194048895779,355,66574.0
1695.0,638,0,365,2515,3153,0,36071.0,56.53761755485893,5.026517477109442,365,68344.0,0.1821977262421895,365,68344.0
1700.0,632,0,379,2529,3161,0,36495.0,57.745253164556964,4.725214318312753,379,67624.0,0.17341766658605512,379,67624.0
1705.0,626,0,386,2542,3168,0,37306.0,59.594249201277954,4.5376732829842386,386,68669.0,0.17009608840538337,386,68669.0
1710.0,615,0,396,2558,3173,0,38660.0,62.86178861788618,4.032549406905352,396,68364.0,0.14295655327271675,396,68364.0
1715.0,610,0,406,2574,3184,0,39530.0,64.80327868852459,3.777018031549222,406,66961.0,0.13447813683936127,406,66961.0
1720.0,610,0,408,2586,3196,0,39537.0,64.81475409836065,3.7425488387093746,408,66675.0,0.1439062598690847,408,66675.0
1725.0,601,0,411,2601,3202,0,39508.0,65.73710482529118,3.4841912720213384,411,66291.0,0.13346779244564608,411,66291.0
1730.0,597,0,409,2617,3214,0,39426.0,66.04020100502512,3.3982000497857094,409,66832.0,0.1443896163901007,409,66832.0
1735.0,589,0,387,2629,3218,0,38324.0,65.06621392190152,3.21326094267272,387,68809.0,0.14558869919540413,387,68809.0
1740.0,583,0,373,2639,3222,0,34733.0,59.57632933104631,3.0872708305963936,373,68138.0,0.14823942818915012,373,68138.0
1745.0,583,1,352,2647,3230,0,31852.0,54.63464837049743,3.143972948297675,352,68641.0,0.15654304827330245,352,68641.0
1750.0,577,0,342,2658,3235,0,30279.0,52.476603119584055,3.2199229806935312,342,67936.0,0.15908920139951588,342,67936.0
1755.0,581,0,335,2664,3245,0,29355.0,50.52495697074011,3.4563928589405655,335,66591.0,0.16055258061408403,335,66591.0
1760.0,589,0,321,2666,3255,0,28378.0,48.17996604414262,3.8894911604056164,321,65488.0,0.17465825167689805,321,65488.0
1765.0,593,3,316,2671,3264,0,27572.0,46.49578414839797,4.185123187804122,316,64270.0,0.18117682942224989,316,64270.0
1770.0,597,0,302,2673,3270,0,26717.0,44.75209380234506,4.559157531476784,302,63792.0,0.19974770156600172,302,63792.0
1775.0,600,0,289,2679,3279,0,26428.0,44.04666666666667,4.904112563648352,289,62904.0,0.21715051085145998,289,62904.0
1780.0,598,1,267,2685,3283,0,26544.0,44.38795986622073,5.192104528675044,267,62032.0,0.22775365241034168,267,62032.0
1785.0,603,0,269,2690,3293,0,26708.0,44.291873963515755,5.155227015139616,269,62927.0,0.2271013477184924,269,62927.0
1790.0,607,0,277,2692,3299,0,24766.0,40.80065897858319,5.065907361775991,277,62119.0,0.21934437613817376,277,62119.0
1795.0,613,0,287,2693,3306,0,23044.0,37.59216965742251,5.06272890010197,287,62323.0,0.21973539367862088,287,62323.0
1800.0,614,0,307,2699,3313,0,21812.0,35.52442996742671,4.845390090580693,307,61869.0,0.20506004867198413,307,61869.0
1805.0,612,0,324,2707,3319,0,20690.0,33.80718954248366,4.651754250250958,324,61135.0,0.19238356049950744,324,61135.0
1810.0,610,0,342,2715,3325,0,19106.0,31.321311475409836,4.417228978033657,342,60403.0,0.17547748896041382,342,60403.0
1815.0,602,0,353,2728,3330,0,18656.0,30.99003322259136,4.147695782114555,353,59876.0,0.15965593085726698,353,59876.0
1820.0,593,0,370,2743,3336,0,19482.0,32.85328836424958,3.8850033025836663,370,59051.0,0.14906313319195977,370,59051.0
1825.0,579,0,382,2761,3340,0,20531.0,35.4594127806563,3.551047244136363,382,58441.0,0.1353110340908177,382,58441.0
1830.0,559,0,398,2784,3343,0,22132.0,39.59212880143113,3.2624841217315472,398,58991.0,0.133533545680716,398,58991.0
1835.0,550,0,406,2798,3348,0,24141.0,43.89272727272727,2.9518869242469505,406,59062.0,0.12043255885470601,406,59062.0
1840.0,550,0,411,2805,3355,0,25870.0,47.03636363636364,2.7750863751401624,411,61235.0,0.11569337090265396,411,61235.0
1845.0,549,2,397,2814,3363,0,26434.0,48.14936247723133,2.578566778836658,397,60880.0,0.10720239665906069,397,60880.0
1850.0,552,0,386,2817,3369,0,27106.0,49.10507246376812,2.6790908771894677,386,61472.0,0.1097804391826422,386,61472.0
1855.0,556,0,370,2818,3374,0,27695.0,49.81115107913669,3.099614321115337,370,61223.0,0.12594250795994283,370,61223.0
1860.0,558,1,359,2824,3382,0,27390.0,49.086021505376344,3.170083242044918,359,62917.0,0.12874449301530366,359,62917.0
1865.0,556,0,336,2831,3387,0,23011.0,41.38669064748201,3.096346942316924,336,62708.0,0.1281473384670877,336,62708.0
1870.0,558,0,308,2835,3393,0,19462.0,34.878136200716845,3.3437398222747183,308,62758.0,0.1466787432847329,308,62758.0
1875.0,557,0,283,2839,3396,0,16005.0,28.734290843806104,3.5959580804847913,283,61737.0,0.14956649956732881,283,61737.0
1880.0,552,0,271,2846,3398,0,14028.0,25.41304347826087,3.8038463417467985,271,61353.0,0.15185081151890586,271,61353.0
1885.0,552,0,271,2852,3404,0,13322.0,24.134057971014492,4.105329547643774,271,60495.0,0.16020495095039494,271,60495.0
1890.0,552,1,270,2858,3410,0,13213.0,23.93659420289855,4.4077479559065225,270,59309.0,0.16557257823864668,270,59309.0
1895.0,557,2,276,2859,3416,0,14140.0,25.38599640933573,4.811645976871223,276,58292.0,0.17900929463597762,276,58292.0
1900.0,565,0,286,2862,3427,0,15485.0,27.4070796460177,5.153887221752103,286,57794.0,0.19421070239942037,286,57794.0
1905.0,565,0,295,2869,3434,0,16942.0,29.985840707964602,5.37872575869871,295,57686.0,0.203557434901229,295,57686.0
1910.0,560,0,295,2878,3438,0,18414.0,32.88214285714286,5.565402355743999,295,57972.0,0.2079217185473055,295,57972.0
1915.0,559,0,303,2884,3443,0,19546.0,34.96601073345259,5.499809673193583,303,59414.0,0.20158659592100056,303,59414.0
1920.0,565,0,311,2887,3452,0,19318.0,34.19115044247788,5.273035315951795,311,58849.0,0.18606435141498692,311,58849.0
1925.0,561,0,321,2895,3456,0,19509.0,34.775401069518715,4.867910141190182,321,57909.0,0.15289818717283132,321,57909.0
1930.0,557,0,330,2904,3461,0,19608.0,35.202872531418315,4.617949598180986,330,56929.0,0.13988895469474513,330,56929.0
1935.0,544,0,336,2918,3462,0,19761.0,36.325367647058826,4.511041646192797,336,56173.0,0.1419110257432644,336,56173.0
1940.0,533,0,332,2933,3466,0,19771.0,37.093808630393994,4.199433203613847,332,57020.0,0.12975468585998462,332,57020.0
1945.0,524,0,305,2948,3472,0,17288.0,32.99236641221374,4.008814709460693,305,55750.0,0.13072728130551897,305,55750.0
1950.0,507,0,284,2969,3476,0,15407.0,30.388560157790927,3.8955328314143656,284,55705.0,0.14209372881682295,284,55705.0
1955.0,499,1,268,2983,3482,0,13776.0,27.607214428857716,3.953681779535536,268,54362.0,0.14812359834196906,268,54362.0
1960.0,494,0,252,2993,3487,0,12548.0,25.40080971659919,4.339874890811868,252,52242.0,0.16408228226680047,252,52242.0
1965.0,479,0,231,3013,3492,0,11275.0,23.538622129436327,4.555237321014727,231,50821.0,0.18627776412802993,231,50821.0
1970.0,467,0,217,3029,3496,0,10422.0,22.3169164882227,4.801019985444551,217,49320.0,0.20029933102779074,217,49320.0
1975.0,474,1,202,3033,3507,0,9954.0,21.0,5.302544031198879,202,48080.0,0.2236902013116369,202,48080.0
1980.0,477,0,201,3035,3512,0,10206.0,21.39622641509434,5.484446744387579,201,48807.0,0.2369568782459403,201,48807.0
1985.0,478,0,211,3039,3517,0,10783.0,22.55857740585774,5.324089544191928,211,47756.0,0.22962248965008983,211,47756.0
1990.0,478,0,229,3041,3519,0,11552.0,24.167364016736403,5.101984017756649,229,47800.0,0.21047733463828314,229,47800.0
1995.0,477,1,248,3048,3525,0,12462.0,26.12578616352201,4.810730801936419,248,46692.0,0.1880634973909316,248,46692.0
2000.0,480,0,261,3051,3531,0,13451.0,28.022916666666667,4.619105062663177,261,44472.0,0.16032031137440178,261,44472.0
2005.0,479,0,277,3054,3533,0,14530.0,30.334029227557412,4.483892743295766,277,44276.0,0.1457504409568789,277,44276.0
2010.0,470,0,278,3070,3540,0,15340.0,32.638297872340424,4.331673586089663,278,42435.0,0.15231694874390753,278,42435.0
2015.0,466,0,282,3077,3543,0,16447.0,35.29399141630901,4.173316186528389,282,43887.0,0.1492706265130724,282,43887.0
2020.0,454,0,264,3091,3545,0,16814.0,37.0352422907489,3.7830204340031712,264,43133.0,0.13415375937847668,264,43133.0
2025.0,440,0,255,3107,3547,0,17355.0,39.44318181818182,3.5673850718186157,255,43675.0,0.13335331413991336,255,43675.0
2030.0,430,0,237,3121,3551,0,17818.0,41.437209302325584,3.7401829280952943,237,42648.0,0.14520018500664625,237,42648.0
2035.0,423,1,227,3133,3556,0,18267.0,43.184397163120565,4.054872771959151,227,41227.0,0.15278624554727105,227,41227.0
2040.0,423,0,215,3138,3561,0,18863.0,44.593380614657214,4.56460484105073,215,40590.0,0.17511771317244854,215,40590.0
2045.0,423,0,208,3144,3567,0,18939.0,44.773049645390074,4.747722276206888,208,41288.0,0.18821958820788287,208,41288.0
2050.0,420,0,199,3150,3570,0,16232.0,38.647619047619045,4.543961822369869,199,40499.0,0.17834947115663813,199,40499.0
2055.0,422,0,196,3152,3574,0,14108.0,33.43127962085308,4.579174795159385,196,40330.0,0.16919196184520174,196,40330.0
2060.0,422,0,198,3158,3580,0,12425.0,29.44312796208531,4.804283852887036,198,39338.0,0.17359624280846342,198,39338.0
2065.0,416,0,189,3165,3581,0,11368.0,27.326923076923077,5.227598092907484,189,38072.0,0.1826580215207928,189,38072.0
2070.0,424,0,185,3165,3589,0,11757.0,27.72877358490566,5.864155158696149,185,37275.0,0.2157898376003223,185,37275.0
2075.0,426,0,189,3168,3594,0,12699.0,29.809859154929576,6.3908839261706705,189,36376.0,0.24160448271810844,189,36376.0
2080.0,426,0,198,3171,3597,0,13189.0,30.960093896713616,6.222800842592284,198,37243.0,0.22032996066415342,198,37243.0
2085.0,420,0,209,3179,3599,0,11827.0,28.159523809523808,5.539473618949981,209,36245.0,0.16340791453944487,209,36245.0
2090.0,412,0,227,3193,3605,0,11038.0,26.79126213592233,5.1252343272352165,227,36404.0,0.14680021752593453,227,36404.0
2095.0,397,1,227,3211,3608,0,9810.0,24.710327455919394,4.824194350143885,227,37138.0,0.14887536603708795,227,37138.0
2100.0,389,0,198,3223,3612,0,7842.0,20.159383033419022,4.736124355895524,198,36189.0,0.15920100022184605,198,36189.0
2105.0,389,0,178,3227,3616,0,6707.0,17.24164524421594,4.812174136812118,178,35999.0,0.15812765524311992,178,35999.0
2110.0,383,0,172,3234,3617,0,5998.0,15.660574412532638,4.919388577392802,172,36869.0,0.16403891288244032,172,36869.0
2115.0,379,0,173,3242,3621,0,5154.0,13.598944591029024,4.767984009079914,173,35719.0,0.1556217716316274,173,35719.0
2120.0,368,0,190,3258,3626,0,5212.0,14.16304347826087,4.395523609160747,190,35697.0,0.14778905731833206,190,35697.0
2125.0,358,0,206,3270,3628,0,5497.0,15.354748603351956,4.13535936784429,206,34385.0,0.13831234655003158,206,34385.0
2130.0,343,0,207,3288,3631,0,5309.0,15.478134110787172,3.982680501050663,207,33395.0,0.15006809299909274,207,33395.0
2135.0,337,0,211,3296,3633,0,5775.0,17.136498516320476,3.7341573517692632,211,34015.0,0.13985394722546307,211,34015.0
2140.0,336,0,220,3300,3636,0,6468.0,19.25,3.4969232000341823,220,33324.0,0.12533289184950913,220,33324.0
2145.0,330,1,221,3310,3640,0,7275.0,22.045454545454547,3.107352534742698,221,33958.0,0.11404771952666164,221,33958.0
2150.0,333,0,222,3311,3644,0,8033.0,24.123123123123122,3.311676386673942,222,33490.0,0.12270855506266762,222,33490.0
2155.0,331,0,216,3314,3645,0,8813.0,26.62537764350453,3.477068210864279,216,32412.0,0.1254418099275389,216,32412.0
2160.0,331,0,215,3319,3650,0,9649.0,29.15105740181269,3.5406694947860875,215,32189.0,0.13454364419028345,215,32189.0
2165.0,331,0,212,3328,3659,0,10247.0,30.957703927492446,3.4633740581821395,212,32670.0,0.15079689411080782,212,32670.0
2170.0,330,0,196,3332,3662,0,9676.0,29.32121212121212,3.431622750644103,196,31499.0,0.1527529040232201,196,31499.0
2175.0,328,0,183,3337,3665,0,9223.0,28.11890243902439,3.554787576874209,183,31494.0,0.1590618116237742,183,31494.0
2180.0,329,0,170,3339,3668,0,9084.0,27.61094224924012,4.16528165842619,170,30511.0,0.18563863019504237,170,30511.0
2185.0,330,1,165,3340,3670,0,8600.0,26.060606060606062,4.377978413556471,165,30992.0,0.1831044204681324,165,30992.0
2190.0,328,0,148,3346,3674,0,5988.0,18.25609756097561,4.322560877519122,148,29478.0,0.1795972528230479,148,29478.0
2195.0,331,0,145,3348,3679,0,4296.0,12.978851963746223,4.6071592920654,145,29034.0,0.19486839250523344,145,29034.0
2200.0,335,0,142,3351,3686,0,3505.0,10.462686567164178,5.099829311096348,142,27207.0,0.212878577369765,142,27207.0
2205.0,334,0,150,3354,3688,0,3779.0,11.31437125748503,5.171926642311386,150,27931.0,0.20266125250874908,150,27931.0
2210.0,334,0,166,3356,3690,0,3881.0,11.619760479041917,5.004773487990911,166,26949.0,0.17996757398684554,166,26949.0
2215.0,326,0,178,3365,3691,0,4148.0,12.723926380368098,4.6481662220895945,178,26995.0,0.16316750984397776,178,26995.0
2220.0,325,0,188,3369,3694,0,4684.0,14.412307692307692,4.465686160130924,188,26402.0,0.14696107770494288,188,26402.0
2225.0,323,0,196,3373,3696,0,5365.0,16.609907120743035,4.530202147406144,196,25487.0,0.14160756420332316,196,25487.0
2230.0,322,0,196,3377,3699,0,6127.0,19.027950310559007,4.6521184515930045,196,25358.0,0.14866046463766677,196,25358.0
2235.0,316,0,192,3384,3700,0,6688.0,21.164556962025316,4.435507269375048,192,26049.0,0.14361245174086062,192,26049.0
2240.0,312,0,171,3392,3704,0,6145.0,19.69551282051282,4.335907432338942,171,24808.0,0.14957804078365713,171,24808.0
2245.0,306,0,152,3399,3705,0,5807.0,18.977124183006534,4.473346237588677,152,24519.0,0.15697796680961962,152,24519.0
2250.0,303,0,150,3406,3709,0,5680.0,18.745874587458747,4.205346358153924,150,25097.0,0.13219429303297703,150,25097.0
2255.0,297,0,136,3416,3713,0,4456.0,15.003367003367003,4.10696747550589,136,23940.0,0.13329185596854665,136,23940.0
2260.0,290,0,123,3427,3717,0,3967.0,13.679310344827586,4.410096813545708,123,23430.0,0.16777918852717505,123,23430.0
2265.0,286,0,117,3432,3718,0,3990.0,13.951048951048952,5.033914298871671,117,21767.0,0.1902261210471069,117,21767.0
2270.0,284,0,123,3436,3720,0,4406.0,15.514084507042254,5.594127054212412,123,21120.0,0.19667719925978527,123,21120.0
2275.0,284,0,135,3439,3723,0,5057.0,17.806338028169016,6.147987081261822,135,20915.0,0.20557454482742554,135,20915.0
2280.0,284,0,142,3445,3729,0,5567.0,19.60211267605634,5.779990540791701,142,21608.0,0.17261223667987877,142,21608.0
2285.0,284,0,124,3449,3733,0,5366.0,18.8943661971831,5.737174138234714,124,20340.0,0.17963237423879727,124,20340.0
2290.0,282,0,110,3452,3734,0,5361.0,19.01063829787234,6.210512867743764,110,19587.0,0.21077130976997324,110,19587.0
2295.0,288,0,95,3453,3741,0,5481.0,19.03125,6.950301863647265,95,18617.0,0.26022748846988697,95,18617.0
2300.0,287,0,89,3461,3748,0,5651.0,19.689895470383274,7.579469584355669,89,17258.0,0.2993009207268917,89,17258.0
2305.0,282,0,85,3469,3751,0,5645.0,20.0177304964539,7.680232858638848,85,17543.0,0.30145959582456183,85,17543.0
2310.0,279,0,88,3473,3752,0,4701.0,16.849462365591396,7.578804994435462,88,16208.0,0.2873051135710779,88,16208.0
2315.0,275,0,92,3480,3755,0,4065.0,14.781818181818181,7.327249018398461,92,15957.0,0.27038424871873235,92,15957.0
2320.0,264,0,101,3493,3757,0,3735.0,14.147727272727273,7.081878855441915,101,14872.0,0.26409499889258703,101,14872.0
2325.0,253,0,105,3506,3759,0,3591.0,14.193675889328063,6.926422519203099,105,13897.0,0.2602353171767155,105,13897.0
2330.0,244,0,108,3517,3761,0,3783.0,15.504098360655737,6.628600278697977,108,14422.0,0.24366612612228847,108,14422.0
2335.0,239,0,109,3524,3763,0,3484.0,14.577405857740585,6.2966045712557115,109,13817.0,0.23299744799435476,109,13817.0
2340.0,232,0,110,3533,3765,0,3673.0,15.831896551724139,5.87169012171167,110,13736.0,0.20590132383297233,110,13736.0
2345.0,229,0,117,3540,3769,0,3886.0,16.96943231441048,5.63439006818922,117,13511.0,0.19650408504289055,117,13511.0
2350.0,220,0,116,3550,3770,0,3916.0,17.8,5.201890484805201,116,13746.0,0.17395405648909532,116,13746.0
2355.0,215,0,93,3560,3775,0,2863.0,13.316279069767441,5.002744630313317,93,13112.0,0.18604304275235026,93,13112.0
2360.0,209,1,95,3568,3777,0,2757.0,13.191387559808613,4.704772867470501,95,13584.0,0.17305788216526233,95,13584.0
2365.0,204,0,87,3576,3780,0,1996.0,9.784313725490197,4.793398309960643,87,12514.0,0.18476419542188036,87,12514.0
2370.0,201,0,84,3583,3784,0,1752.0,8.716417910447761,5.329342604425426,84,12308.0,0.2264376843714809,84,12308.0
2375.0,198,0,79,3587,3785,0,1444.0,7.292929292929293,5.339860209354361,79,12446.0,0.20805551010046405,79,12446.0
2380.0,194,1,67,3594,3788,0,1363.0,7.025773195876289,5.570080681896182,67,11913.0,0.23052544627254917,67,11913.0
2385.0,196,0,73,3596,3792,0,1645.0,8.392857142857142,5.989844512891951,73,11641.0,0.2523043237181687,73,11641.0
2390.0,198,0,84,3600,3798,0,1948.0,9.83838383838384,6.111722919545009,84,11597.0,0.2532629900661766,84,11597.0
2395.0,200,0,72,3603,3803,0,1939.0,9.695,6.57813175326763,72,11152.0,0.2941004902007462,72,11152.0
2400.0,200,0,66,3604,3804,0,2029.0,10.145,6.792034448913702,66,11441.0,0.2967982422576907,66,11441.0
2405.0,198,0,69,3607,3805,0,1969.0,9.944444444444445,6.756801393956765,69,11378.0,0.2763804172241573,69,11378.0
2410.0,199,0,76,3611,3810,0,1996.0,10.030150753768844,6.629816261151198,76,11752.0,0.2725586321809072,76,11752.0
2415.0,199,1,79,3616,3815,0,1548.0,7.778894472361809,6.533416590616951,79,10833.0,0.2831243004850564,79,10833.0
2420.0,199,0,85,3619,3818,0,1656.0,8.321608040201005,6.604592520279124,85,10646.0,0.28661854309386414,85,10646.0
2425.0,195,0,87,3623,3818,0,1788.0,9.169230769230769,6.420557322491295,87,10046.0,0.25943859123066143,87,10046.0
2430.0,187,0,88,3633,3820,0,1879.0,10.04812834224599,5.889326886707818,88,10494.0,0.2316154036939325,88,10494.0
2435.0,182,0,77,3640,3822,0,1795.0,9.862637362637363,5.990704777679792,77,9957.0,0.267502905098891,77,9957.0
2440.0,181,0,80,3644,3825,0,2188.0,12.088397790055248,6.057757189469076,80,9991.0,0.2610664589970018,80,9991.0
2445.0,177,1,87,3652,3829,0,2577.0,14.559322033898304,5.96275849152412,87,10414.0,0.24537086594142252,87,10414.0
2450.0,175,0,88,3658,3833,0,2949.0,16.85142857142857,5.95913812593767,88,10134.0,0.24368224894818774,88,10134.0
2455.0,175,0,85,3661,3836,0,3259.0,18.622857142857143,6.087872160230706,85,10174.0,0.2633670356763077,85,10174.0
2460.0,173,0,82,3667,3840,0,3416.0,19.745664739884393,5.786747692200166,82,10226.0,0.25405101658658097,82,10226.0
2465.0,172,1,88,3673,3845,0,3668.0,21.325581395348838,5.7167900866755135,88,10336.0,0.2651246520133608,88,10336.0
2470.0,172,0,91,3674,3846,0,3955.0,22.99418604651163,5.6178611623632975,91,10187.0,0.247553496319998,91,10187.0
2475.0,175,0,89,3676,3851,0,3957.0,22.611428571428572,5.598270075109862,89,10400.0,0.24918426628386417,89,10400.0
2480.0,172,0,67,3680,3852,0,2455.0,14.273255813953488,5.648800944113668,67,9222.0,0.26581617841148936,67,9222.0
2485.0,171,0,58,3683,3854,0,1868.0,10.923976608187134,6.285367038608465,58,8484.0,0.3122912317276697,58,8484.0
2490.0,171,0,45,3686,3857,0,1239.0,7.245614035087719,7.241675459142623,45,7189.0,0.36584726291498376,45,7189.0
2495.0,174,1,40,3689,3863,0,887.0,5.097701149425287,7.766978208937103,40,7219.0,0.38281441598119276,40,7219.0
2500.0,175,0,40,3692,3867,0,728.0,4.16,7.995878335226553,40,6892.0,0.4210766892354058,40,6892.0
2505.0,165,0,53,3704,3869,0,959.0,5.8121212121212125,7.262768569497998,53,7000.0,0.35120540632250563,53,7000.0
2510.0,166,0,62,3706,3872,0,1165.0,7.018072289156627,7.148990913867745,62,7306.0,0.30470614557892906,62,7306.0
2515.0,165,0,46,3708,3873,0,1145.0,6.9393939393939394,7.5230306953006,46,6451.0,0.327516961134869,46,6451.0
2520.0,167,0,35,3709,3876,0,1176.0,7.041916167664671,8.143243154955107,35,6170.0,0.3697140564343184,35,6170.0
2525.0,167,0,36,3711,3878,0,1195.0,7.155688622754491,8.298729754473985,36,6254.0,0.35690703924987227,36,6254.0
2530.0,165,0,43,3714,3879,0,1147.0,6.951515151515151,8.272060865654458,43,5782.0,0.3322022575740432,43,5782.0
2535.0,167,0,47,3715,3882,0,1118.0,6.6946107784431135,8.259277942640148,47,6020.0,0.319406759699515,47,6020.0
2540.0,164,0,50,3719,3883,0,1297.0,7.908536585365853,8.093438452596853,50,6076.0,0.3171884497057903,50,6076.0
2545.0,155,0,55,3728,3883,0,1457.0,9.4,7.646125435991847,55,6173.0,0.27106364216487816,55,6173.0
2550.0,151,0,38,3734,3885,0,1327.0,8.788079470198676,7.707416444298551,38,5615.0,0.28488861249246816,38,5615.0
2555.0,140,0,32,3746,3886,0,1294.0,9.242857142857142,7.956268141488103,32,5187.0,0.31002533437676827,32,5187.0
2560.0,135,0,34,3751,3886,0,1237.0,9.162962962962963,8.104231751397734,34,5346.0,0.29529804578996205,34,5346.0
2565.0,125,0,37,3761,3886,0,851.0,6.808,7.643091925604272,37,4511.0,0.23513636536727603,37,4511.0
2570.0,125,0,42,3764,3889,0,568.0,4.544,7.679970492762873,42,4725.0,0.24352046255029672,42,4725.0
2575.0,122,0,42,3769,3891,0,641.0,5.254098360655738,7.470601282374636,42,4804.0,0.23376319298657913,42,4804.0
2580.0,116,0,42,3778,3894,0,754.0,6.5,7.108044167118883,42,5019.0,0.2348916245265697,42,5019.0
2585.0,113,0,32,3782,3895,0,663.0,5.867256637168142,7.301334974201156,32,4450.0,0.2561568697928762,32,4450.0
2590.0,114,0,27,3782,3896,0,632.0,5.543859649122807,7.914865499685765,27,4585.0,0.2819836344769801,27,4585.0
2595.0,114,0,34,3785,3899,0,706.0,6.192982456140351,7.888376305195233,34,3963.0,0.26045728876738433,34,3963.0
2600.0,108,0,33,3791,3899,0,745.0,6.898148148148148,7.905750085933052,33,4094.0,0.2761050694068235,33,4094.0
2605.0,107,0,36,3795,3902,0,900.0,8.411214953271028,7.844957628872966,36,4219.0,0.27743457427240076,36,4219.0
2610.0,100,0,35,3804,3904,0,984.0,9.84,7.628292110124168,35,4408.0,0.30195010112114473,35,4408.0
2615.0,98,0,20,3809,3907,0,834.0,8.510204081632653,8.15993996924334,20,3851.0,0.4052349673410434,20,3851.0
2620.0,95,0,19,3813,3908,0,743.0,7.821052631578947,8.3308069949533,19,3943.0,0.3941591355234213,19,3943.0
2625.0,94,0,25,3814,3908,0,457.0,4.861702127659575,8.377891103881595,25,3376.0,0.3726658972469546,25,3376.0
2630.0,91,0,22,3817,3908,0,292.0,3.208791208791209,8.649331944074882,22,3495.0,0.37714173577234783,22,3495.0
2635.0,87,0,13,3822,3909,0,268.0,3.0804597701149423,8.719602539533984,13,3133.0,0.41733741403335245,13,3133.0
2640.0,84,0,17,3825,3909,0,321.0,3.8214285714285716,8.528637715188369,17,3210.0,0.35491987742377157,17,3210.0
2645.0,78,0,25,3832,3910,0,431.0,5.5256410256410255,8.127167686375998,25,3302.0,0.33295675919283885,25,3302.0
2650.0,77,0,23,3834,3911,0,527.0,6.8441558441558445,8.263321125188103,23,3431.0,0.3352177247681085,23,3431.0
2655.0,78,0,14,3836,3914,0,527.0,6.756410256410256,8.945239594594469,14,3155.0,0.45605926320714474,14,3155.0
2660.0,79,0,16,3839,3918,0,540.0,6.8354430379746836,8.392523407105468,16,3227.0,0.3633866411409149,16,3227.0
2665.0,80,0,23,3840,3920,0,352.0,4.4,8.245447913945501,23,2648.0,0.3253175615703814,23,2648.0
2670.0,76,0,18,3845,3921,0,314.0,4.131578947368421,8.371587100397115,18,2751.0,0.34753622788611416,18,2751.0
2675.0,75,0,20,3848,3923,0,400.0,5.333333333333333,8.328003295727726,20,2815.0,0.3710417397394351,20,2815.0
2680.0,73,0,24,3852,3925,0,514.0,7.041095890410959,8.318141827952301,24,2929.0,0.38601792637881394,24,2929.0
2685.0,72,0,25,3854,3926,0,638.0,8.86111111111111,8.515035015276352,25,3053.0,0.4062974807541288,25,3053.0
2690.0,71,0,25,3856,3927,0,763.0,10.746478873239436,8.534820830805018,25,3178.0,0.4091077715143472,25,3178.0
2695.0,67,0,26,3860,3927,0,889.0,13.26865671641791,8.22697805669521,26,3304.0,0.4012458278556162,26,3304.0
2700.0,66,0,22,3861,3927,0,871.0,13.196969696969697,8.0381204950236,22,3430.0,0.39239262910424527,22,3430.0
2705.0,65,0,16,3864,3929,0,716.0,11.015384615384615,7.951822781589775,16,3185.0,0.42533704414844337,16,3185.0
2710.0,57,0,20,3872,3929,0,767.0,13.456140350877194,7.578482127253081,20,3276.0,0.4081439678918124,20,3276.0
2715.0,57,0,19,3874,3931,0,708.0,12.421052631578947,7.675922929541231,19,2793.0,0.40811144925905124,19,2793.0
2720.0,56,0,18,3876,3932,0,666.0,11.892857142857142,7.142882509344635,18,2881.0,0.34146212220423006,18,2881.0
2725.0,55,0,20,3879,3934,0,748.0,13.6,6.868828004040108,20,2946.0,0.343928156221188,20,2946.0
2730.0,59,0,21,3879,3938,0,786.0,13.322033898305085,7.145430705416984,21,2980.0,0.35178812172723506,21,2980.0
2735.0,59,1,15,3881,3940,0,763.0,12.932203389830509,7.886671763598552,15,2845.0,0.4314720931011103,15,2845.0
2740.0,60,0,17,3882,3942,0,821.0,13.683333333333334,8.176097269652836,17,2923.0,0.4249676605460873,17,2923.0
2745.0,61,0,15,3882,3943,0,814.0,13.344262295081966,8.886707753878765,15,2704.0,0.46023887743197334,15,2704.0
2750.0,60,0,15,3883,3943,0,848.0,14.133333333333333,8.937832647766031,15,2785.0,0.431580836653517,15,2785.0
2755.0,60,0,18,3884,3944,0,932.0,15.533333333333333,8.735904693849156,18,2820.0,0.42759476788554507,18,2820.0
2760.0,59,0,15,3885,3944,0,936.0,15.864406779661017,8.805888728536504,15,2915.0,0.425580416789394,15,2915.0
2765.0,58,0,14,3886,3944,0,978.0,16.862068965517242,9.058388204074527,14,2814.0,0.4787748127695206,14,2814.0
2770.0,56,0,13,3889,3945,0,804.0,14.357142857142858,9.29453208938062,13,2887.0,0.47699167346904114,13,2887.0
2775.0,55,0,8,3891,3946,0,150.0,2.727272727272727,9.494824070316616,8,2057.0,0.5170571554113988,8,2057.0
2780.0,55,0,9,3893,3948,0,161.0,2.9272727272727272,8.982177236924356,9,1805.0,0.4385862369636913,9,1805.0
2785.0,54,0,12,3894,3948,0,94.0,1.7407407407407407,8.672078007316061,12,1656.0,0.361307089786341,12,1656.0
2790.0,51,0,12,3897,3948,0,121.0,2.372549019607843,8.20030644137072,12,1726.0,0.305317547170986,12,1726.0
2795.0,47,0,15,3901,3948,0,193.0,4.1063829787234045,7.974767785274002,15,1755.0,0.3108575103232864,15,1755.0
2800.0,45,0,11,3904,3949,0,164.0,3.6444444444444444,8.192982624292604,11,1771.0,0.35819672875602565,11,1771.0
2805.0,45,0,9,3905,3950,0,174.0,3.8666666666666667,8.848375463898256,9,1714.0,0.4003715021481313,9,1714.0
2810.0,43,0,9,3907,3950,0,201.0,4.674418604651163,9.346856940338226,9,1762.0,0.3662820649108502,9,1762.0
2815.0,44,0,8,3907,3951,0,201.0,4.568181818181818,10.112656858047607,8,1479.0,0.4294720656469075,8,1479.0
2820.0,42,0,8,3910,3952,0,228.0,5.428571428571429,10.475416760827516,8,1519.0,0.466597399853598,8,1519.0
2825.0,42,0,8,3912,3954,0,268.0,6.380952380952381,10.5154444684037,8,1546.0,0.49668973536961286,8,1546.0
2830.0,41,0,7,3913,3954,0,290.0,7.073170731707317,10.846549713319545,7,1585.0,0.5230887522137652,7,1585.0
2835.0,37,0,8,3917,3954,0,326.0,8.81081081081081,10.158681502146784,8,1604.0,0.45510638503834655,8,1604.0
2840.0,38,0,7,3918,3956,0,254.0,6.684210526315789,10.109052602925047,7,1646.0,0.475956620252614,7,1646.0
2845.0,37,0,3,3919,3956,0,37.0,1.0,10.384686712056741,3,1206.0,0.5558552003257928,3,1206.0
2850.0,36,0,4,3921,3957,0,28.0,0.7777777777777778,10.316259172971007,4,1228.0,0.542995081058058,4,1228.0
2855.0,33,0,6,3924,3957,0,57.0,1.7272727272727273,10.317494457200775,6,1127.0,0.5553183127604376,6,1127.0
2860.0,30,0,5,3927,3957,0,63.0,2.1,9.676361024543308,5,1159.0,0.4690002726311574,5,1159.0
2865.0,27,0,5,3930,3957,0,88.0,3.259259259259259,9.69234875594282,5,1158.0,0.573119900666484,5,1158.0
2870.0,27,0,4,3932,3959,0,86.0,3.185185185185185,9.958610269125264,4,1182.0,0.6018442416796809,4,1182.0
2875.0,24,0,5,3935,3959,0,109.0,4.541666666666667,9.794600575884285,5,1179.0,0.5782664819580715,5,1179.0
2880.0,24,0,4,3936,3960,0,99.0,4.125,9.48881812243994,4,1203.0,0.5315936463261055,4,1203.0
2885.0,25,0,3,3936,3961,0,19.0,0.76,9.6727093077888,3,427.0,0.58663788301803,3,427.0
2890.0,25,0,3,3936,3961,0,17.0,0.68,9.936407878469787,3,442.0,0.5800215294782468,3,442.0
2895.0,26,0,4,3936,3962,0,37.0,1.4230769230769231,10.100580233332833,4,445.0,0.586046785806528,4,445.0
2900.0,24,0,3,3938,3962,0,26.0,1.0833333333333333,10.211191167664637,3,468.0,0.5504082607529593,3,468.0
2905.0,24,0,2,3938,3962,0,31.0,1.2916666666666667,10.733179499373415,2,439.0,0.7352020037335747,2,439.0
2910.0,26,0,2,3939,3965,0,41.0,1.5769230769230769,10.86258064536302,2,449.0,0.6831540039030226,2,449.0
2915.0,25,0,3,3942,3967,0,55.0,2.2,11.226510006260735,3,463.0,0.7163300062891717,3,463.0
2920.0,26,0,3,3942,3968,0,70.0,2.6923076923076925,11.678379451754958,3,478.0,0.7625026529365888,3,478.0
2925.0,26,0,3,3942,3968,0,85.0,3.269230769230769,11.54551647164875,3,493.0,0.7434727201963398,3,493.0
2930.0,24,0,2,3944,3968,0,81.0,3.375,11.056642062002297,2,509.0,0.7106800390082085,2,509.0
2935.0,23,0,2,3945,3968,0,91.0,3.9565217391304346,10.932760747062789,2,499.0,0.7891771972311342,2,499.0
2940.0,21,0,3,3947,3968,0,103.0,4.904761904761905,10.518250052599623,3,511.0,0.7110310731052444,3,511.0
2945.0,20,0,3,3948,3968,0,118.0,5.9,10.278867374687556,3,526.0,0.628604360449117,3,526.0
2950.0,20,0,4,3948,3968,0,138.0,6.9,10.280239774031921,4,546.0,0.5879526964393619,4,546.0
2955.0,19,0,2,3949,3968,0,131.0,6.894736842105263,9.92281459431903,2,566.0,0.5461950560831048,2,566.0
2960.0,17,0,2,3951,3968,0,141.0,8.294117647058824,10.257452546117797,2,549.0,0.6962037356387244,2,549.0
2965.0,17,0,2,3952,3969,0,151.0,8.882352941176471,9.769504078744397,2,560.0,0.5856311635758044,2,560.0
2970.0,16,0,3,3954,3970,0,163.0,10.1875,9.558319062830218,3,571.0,0.5329588043196789,3,571.0
2975.0,17,0,3,3954,3971,0,178.0,10.470588235294118,10.287078532888145,3,586.0,0.580799105742489,3,586.0
2980.0,17,0,3,3954,3971,0,193.0,11.352941176470589,10.145249025762977,3,601.0,0.5047531722593886,3,601.0
2985.0,18,0,2,3954,3972,0,191.0,10.61111111111111,9.92571223071841,2,619.0,0.4930442336272937,2,619.0
2990.0,18,0,2,3954,3972,0,201.0,11.166666666666666,10.601207261161077,2,609.0,0.6561721306648196,2,609.0
2995.0,18,0,2,3955,3973,0,211.0,11.722222222222221,11.052004588135055,2,619.0,0.6918120982148904,2,619.0
3000.0,17,0,2,3956,3973,0,221.0,13.0,11.438630184028947,2,629.0,0.6985551098227408,2,629.0
3005.0,15,0,2,3958,3973,0,231.0,15.4,11.374151901542229,2,639.0,0.7000653214566743,2,639.0
3010.0,15,0,2,3958,3973,0,241.0,16.066666666666666,11.367271922767802,2,649.0,0.6980790659033465,2,649.0
3015.0,15,0,2,3958,3973,0,251.0,16.733333333333334,11.382751985901676,2,659.0,0.7026850025174287,2,659.0
3020.0,13,0,2,3960,3973,0,261.0,20.076923076923077,10.858341802493413,2,669.0,0.7033155727490447,2,669.0
3025.0,13,0,1,3961,3974,0,135.0,10.384615384615385,9.59463775847064,1,678.0,0.5853079601570932,1,678.0
3030.0,13,0,2,3962,3975,0,7.0,0.5384615384615384,8.595731020321809,2,7.0,0.5495144394951477,2,7.0
3035.0,12,0,1,3963,3975,0,7.0,0.5833333333333334,9.234995155704274,1,20.0,0.5669999759485272,1,20.0
3040.0,12,0,1,3963,3975,0,12.0,1.0,10.65170960622026,1,12.0,0.7336094732595895,1,12.0
3045.0,12,0,0,3963,3975,0,0.0,0.0,11.50522417250486,0,16.0,0.757984646868312,0,16.0
3050.0,11,0,0,3964,3975,0,0.0,0.0,12.169149667112572,0,0.0,0.9746840789440155,0,0.0
3055.0,11,0,0,3964,3975,0,0.0,0.0,12.637708580661274,0,0.0,0.9854106312941071,0,0.0
3060.0,9,0,0,3966,3975,0,0.0,0.0,12.534913316315034,0,0.0,0.8027390364761473,0,0.0
3065.0,9,0,0,3966,3975,0,0.0,0.0,13.16162546231831,0,0.0,0.990506002191625,0,0.0
3070.0,10,0,0,3966,3976,0,0.0,0.0,13.595562031555971,0,0.0,0.9764875768104436,0,0.0
3075.0,12,0,0,3966,3978,0,0.0,0.0,13.075042686353092,0,0.0,0.8728679028856056,0,0.0
3080.0,13,0,0,3966,3979,0,0.0,0.0,12.694497320884208,0,0.0,0.9155287277707048,0,0.0
3085.0,13,0,0,3966,3979,0,0.0,0.0,13.03120260121925,0,0.0,0.9798649252022562,0,0.0
3090.0,13,0,0,3966,3979,0,0.0,0.0,13.391974807783685,0,0.0,0.9841994336165301,0,0.0
3095.0,10,0,0,3969,3979,0,0.0,0.0,13.468413419252292,0,0.0,0.9812306560057926,0,0.0
3100.0,9,0,0,3970,3979,0,0.0,0.0,13.497818116929349,0,0.0,0.9796655543351495,0,0.0
3105.0,10,0,0,3970,3980,0,0.0,0.0,13.228158401327923,0,0.0,0.9474577615449811,0,0.0
3110.0,9,0,0,3971,3980,0,0.0,0.0,13.439452701264377,0,0.0,0.9819898335438252,0,0.0
3115.0,8,0,0,3972,3980,0,0.0,0.0,13.744247431524741,0,0.0,0.9886103439326035,0,0.0
3120.0,7,0,0,3973,3980,0,0.0,0.0,13.126130947694127,0,0.0,0.9748842646840675,0,0.0
3125.0,7,0,1,3973,3980,0,1.0,0.14285714285714285,11.292045648766244,1,1.0,0.7805416671067632,1,1.0
3130.0,6,0,1,3974,3980,0,6.0,1.0,11.317541868196495,1,6.0,0.743720717719716,1,6.0
3135.0,6,0,1,3974,3980,0,11.0,1.8333333333333333,9.593433976376412,1,11.0,0.5502280338087686,1,11.0
3140.0,5,0,2,3975,3980,0,20.0,4.0,6.897204870473492,2,20.0,0.363903150132639,2,20.0
3145.0,5,0,1,3975,3980,0,9.0,1.8,6.000981883170188,1,32.0,0.27593376663989283,1,32.0
3150.0,5,0,1,3975,3980,0,14.0,2.8,7.463954996365227,1,14.0,0.4973515983210805,1,14.0
3155.0,7,0,0,3975,3982,0,0.0,0.0,9.501333245010455,0,18.0,0.6187978654316182,0,18.0
3160.0,8,0,0,3975,3983,0,0.0,0.0,11.778902998379676,0,0.0,0.8873874976543094,0,0.0
3165.0,9,0,0,3975,3984,0,0.0,0.0,12.98181900530893,0,0.0,0.9458842088199975,0,0.0
3170.0,9,0,0,3975,3984,0,0.0,0.0,13.659531954818682,0,0.0,0.979495076958194,0,0.0
3175.0,9,0,0,3975,3984,0,0.0,0.0,13.709212540038802,0,0.0,0.9803727016147499,0,0.0
3180.0,11,0,0,3975,3986,0,0.0,0.0,13.132362754922404,0,0.0,0.9322527448247523,0,0.0
3185.0,10,0,0,3976,3986,0,0.0,0.0,13.362406197605088,0,0.0,0.9753550685377959,0,0.0
3190.0,10,0,0,3976,3986,0,0.0,0.0,13.367631163543132,0,0.0,0.9751417424771192,0,0.0
3195.0,10,0,0,3976,3986,0,0.0,0.0,13.3541258217043,0,0.0,0.979489251114265,0,0.0
3200.0,10,0,0,3976,3986,0,0.0,0.0,13.432040338756769,0,0.0,0.9824104401197875,0,0.0
3205.0,10,0,0,3976,3986,0,0.0,0.0,13.356771139089082,0,0.0,0.9766374620165562,0,0.0
3210.0,10,0,1,3976,3986,0,2.0,0.2,11.908184699335388,1,2.0,0.7851479632687541,1,2.0
3215.0,7,0,1,3979,3986,0,7.0,1.0,9.182775266135323,1,7.0,0.5815482753788819,1,7.0
3220.0,7,0,2,3979,3986,0,17.0,2.4285714285714284,8.857692956033263,2,17.0,0.5553666494000946,2,17.0
3225.0,6,0,3,3980,3986,0,29.0,4.833333333333333,6.607058080066163,3,29.0,0.3975112207965118,3,29.0
3230.0,6,0,3,3980,3986,0,44.0,7.333333333333333,6.5443152296051865,3,44.0,0.39123845005196295,3,44.0
3235.0,6,0,3,3980,3986,0,59.0,9.833333333333334,6.50175766209195,3,59.0,0.3864679656113098,3,59.0
3240.0,6,0,4,3980,3986,0,76.0,12.666666666666666,4.045873121478425,4,76.0,0.15460810761189228,4,76.0
3245.0,6,0,5,3980,3986,0,99.0,16.5,2.4380610613477915,5,99.0,4.020833289027366e-06,5,99.0
3250.0,6,0,5,3980,3986,0,124.0,20.666666666666668,2.4245618023891837,5,124.0,0.0,5,124.0
3255.0,6,0,5,3980,3986,0,149.0,24.833333333333332,2.425915571680686,5,149.0,0.0,5,149.0
3260.0,6,0,5,3981,3987,0,174.0,29.0,1.8091427910064037,5,174.0,0.13062667849119564,5,174.0
3265.0,6,0,5,3981,3987,0,199.0,33.166666666666664,2.295510271652983,5,199.0,0.16574417658964655,5,199.0
3270.0,6,0,5,3981,3987,0,224.0,37.333333333333336,2.2374741061664274,5,224.0,0.1615537547127438,5,224.0
3275.0,6,0,5,3981,3987,0,249.0,41.5,2.275139336349669,5,249.0,0.16427332109407192,5,249.0
3280.0,6,0,5,3981,3987,0,274.0,45.666666666666664,2.2550645458702085,5,274.0,0.16282384833007865,5,274.0
3285.0,6,0,5,3981,3987,0,299.0,49.833333333333336,2.2817350553926787,5,299.0,0.16474955595797133,5,299.0
3290.0,6,0,2,3981,3987,0,115.0,19.166666666666668,2.567907709348552,2,321.0,0.1846561034491406,2,321.0
3295.0,6,0,1,3981,3987,0,72.0,12.0,4.97805790342307,1,120.0,0.4161314688896162,1,120.0
3300.0,6,0,2,3981,3987,0,82.0,13.666666666666666,6.447687908901904,2,130.0,0.33314516654841353,2,130.0
3305.0,6,0,2,3981,3987,0,92.0,15.333333333333334,8.357202248771458,2,140.0,0.32312806184821613,2,140.0
3310.0,6,0,2,3981,3987,0,102.0,17.0,9.32171410285188,2,150.0,0.3269412760602085,2,150.0
3315.0,6,0,2,3981,3987,0,112.0,18.666666666666668,7.744990330870987,2,160.0,0.09477686602595299,2,160.0
3320.0,6,0,3,3981,3987,0,127.0,21.166666666666668,7.086803562751932,3,175.0,0.0,3,175.0
3325.0,6,0,3,3981,3987,0,142.0,23.666666666666668,7.095038602833907,3,190.0,0.0,3,190.0
3330.0,6,0,3,3981,3987,0,157.0,26.166666666666668,7.14712162912183,3,205.0,0.0,3,205.0
3335.0,6,0,3,3981,3987,0,172.0,28.666666666666668,7.069818692793099,3,220.0,0.0,3,220.0
3340.0,6,0,3,3981,3987,0,187.0,31.166666666666668,7.096164692180658,3,235.0,0.0,3,235.0
3345.0,6,0,3,3981,3987,0,202.0,33.666666666666664,7.011491592980261,3,250.0,0.0,3,250.0
3350.0,7,0,3,3981,3988,0,217.0,31.0,7.789099418065078,3,265.0,0.23616881917077212,3,265.0
3355.0,5,0,3,3983,3988,0,232.0,46.4,5.058876768504688,3,280.0,0.2496369651693495,3,280.0
3360.0,4,0,3,3984,3988,0,247.0,61.75,3.023884117877601,3,295.0,0.24560270792865818,3,295.0
3365.0,5,0,2,3984,3989,0,120.0,24.0,5.097888842141834,2,309.0,0.38231088466229635,2,309.0
3370.0,7,0,2,3984,3991,0,130.0,18.571428571428573,7.66362015142667,2,178.0,0.6200983238982442,2,178.0
3375.0,7,0,2,3984,3991,0,140.0,20.0,8.572700663134599,2,188.0,0.6515122065250277,2,188.0
3380.0,7,0,2,3984,3991,0,150.0,21.428571428571427,9.13654584896366,2,198.0,0.6546476401292877,2,198.0
3385.0,7,0,1,3984,3991,0,70.0,10.0,9.283703010118561,1,70.0,0.7818748417375331,1,70.0
3390.0,7,0,0,3984,3991,0,0.0,0.0,10.188998957597368,0,0.0,0.9764785904214347,0,0.0
3395.0,8,0,0,3984,3992,0,0.0,0.0,11.216699741751992,0,0.0,0.928224879013286,0,0.0
3400.0,8,0,0,3984,3992,0,0.0,0.0,12.572498639374842,0,0.0,0.9832512292037852,0,0.0
3405.0,8,0,0,3984,3992,0,0.0,0.0,12.945647217590857,0,0.0,0.9783134205086557,0,0.0
3410.0,8,0,0,3984,3992,0,0.0,0.0,12.356022701717004,0,0.0,0.9036705215985081,0,0.0
3415.0,8,0,1,3984,3992,0,2.0,0.25,10.187952590454717,1,2.0,0.6397989010635637,1,2.0
3420.0,9,0,2,3984,3993,0,12.0,1.3333333333333333,9.75146306170151,2,12.0,0.6035403168542773,2,12.0
3425.0,9,0,2,3984,3993,0,22.0,2.4444444444444446,8.71380527738238,2,22.0,0.4814676383975301,2,22.0
3430.0,9,0,3,3984,3993,0,37.0,4.111111111111111,8.765147925447325,3,37.0,0.38786969669568455,3,37.0
3435.0,9,0,3,3984,3993,0,52.0,5.777777777777778,8.795398261322587,3,52.0,0.39021294424572917,3,52.0
3440.0,8,0,3,3985,3993,0,67.0,8.375,8.384672987852667,3,67.0,0.3935900619218885,3,67.0
3445.0,8,0,1,3985,3993,0,32.0,4.0,8.58180572193973,1,80.0,0.41542097475327955,1,80.0
3450.0,9,0,1,3985,3994,0,37.0,4.111111111111111,9.65272361091479,1,37.0,0.7027906489482729,1,37.0
3455.0,8,0,2,3986,3994,0,43.0,5.375,8.660629715939029,2,43.0,0.4860433778310366,2,43.0
3460.0,7,0,2,3987,3994,0,53.0,7.571428571428571,9.054732969483009,2,53.0,0.49009980153763383,2,53.0
3465.0,7,0,1,3987,3994,0,52.0,7.428571428571429,9.936439831674447,1,62.0,0.5078816040817704,1,62.0
3470.0,7,0,1,3987,3994,0,57.0,8.142857142857142,8.821379506057125,1,57.0,0.3963935331333148,1,57.0
3475.0,7,0,1,3987,3994,0,62.0,8.857142857142858,8.9624432909467,1,65.0,0.343857524609502,1,65.0
3480.0,7,0,1,3987,3994,0,67.0,9.571428571428571,9.927754789261375,1,67.0,0.4816828803051011,1,67.0
3485.0,7,0,1,3987,3994,0,72.0,10.285714285714286,10.653132823480123,1,72.0,0.4890839065690355,1,72.0
3490.0,7,0,1,3987,3994,0,77.0,11.0,11.226609714713044,1,77.0,0.4824307022288373,1,77.0
3495.0,6,0,1,3988,3994,0,82.0,13.666666666666666,11.514586299779033,1,82.0,0.4820399874011573,1,82.0
3500.0,6,0,1,3988,3994,0,87.0,14.5,11.59324979136479,1,87.0,0.4996511937156895,1,87.0
3505.0,6,0,1,3988,3994,0,92.0,15.333333333333334,10.391045582645127,1,92.0,0.2376094203359051,1,92.0
3510.0,5,0,2,3989,3994,0,99.0,19.8,8.354392184930862,2,99.0,0.0003151037242778536,2,99.0
3515.0,5,0,1,3990,3995,0,102.0,20.4,8.222192421708558,1,108.0,0.27595604197412354,1,108.0
3520.0,5,0,1,3990,3995,0,107.0,21.4,9.65702613314777,1,107.0,0.4869863581081696,1,107.0
3525.0,5,0,1,3990,3995,0,112.0,22.4,10.279523630064682,1,112.0,0.48788720062703783,1,112.0
3530.0,5,0,1,3990,3995,0,117.0,23.4,11.011602556353205,1,117.0,0.4900329016439175,1,117.0
3535.0,3,0,1,3992,3995,0,122.0,40.666666666666664,9.638986459280419,1,122.0,0.498256925700296,1,122.0
3540.0,3,0,1,3992,3995,0,127.0,42.333333333333336,9.423905090280554,1,127.0,0.48696535823648046,1,127.0
3545.0,3,0,1,3992,3995,0,132.0,44.0,9.427980803386985,1,132.0,0.4839885654932319,1,132.0
3550.0,3,0,1,3992,3995,0,137.0,45.666666666666664,9.40838987807811,1,137.0,0.4848623913657621,1,137.0
3555.0,3,0,1,3992,3995,0,142.0,47.333333333333336,9.418897034646067,1,142.0,0.49185672382237755,1,142.0
3560.0,3,0,1,3992,3995,0,147.0,49.0,9.45898151538092,1,147.0,0.4871156400116161,1,147.0
3565.0,3,0,0,3992,3995,0,0.0,0.0,4.860514312514045,0,151.0,0.0478051843870417,0,151.0
3570.0,3,0,1,3992,3995,0,5.0,1.6666666666666667,6.022259208278939,1,5.0,6.72324627334617e-05,1,5.0
3575.0,3,0,1,3992,3995,0,10.0,3.3333333333333335,7.3249326445659095,1,10.0,0.0,1,10.0
3580.0,3,0,0,3992,3995,0,0.0,0.0,8.526013208432133,0,14.0,0.0405228975976815,0,14.0
3585.0,2,0,0,3993,3995,0,0.0,0.0,8.312672638009817,0,0.0,1.0,0,0.0
3590.0,2,0,0,3993,3995,0,0.0,0.0,10.09773828539909,0,0.0,1.0,0,0.0
3595.0,2,0,0,3993,3995,0,0.0,0.0,11.676941867942505,0,0.0,1.0,0,0.0
3600.0,2,0,0,3993,3995,0,0.0,0.0,13.429666919833098,0,0.0,1.0,0,0.0
3605.0,2,0,0,3993,3995,0,0.0,0.0,13.672112137354095,0,0.0,1.0,0,0.0
3610.0,2,0,0,3993,3995,0,0.0,0.0,13.694898158528492,0,0.0,1.0,0,0.0
3615.0,2,0,0,3993,3995,0,0.0,0.0,13.67888872352906,0,0.0,1.0,0,0.0
3620.0,2,0,0,3993,3995,0,0.0,0.0,13.620557854692567,0,0.0,1.0,0,0.0
3625.0,2,0,0,3993,3995,0,0.0,0.0,13.531010896533378,0,0.0,1.0,0,0.0
3630.0,2,0,0,3993,3995,0,0.0,0.0,13.529529623205423,0,0.0,1.0,0,0.0
3635.0,3,0,0,3993,3996,0,0.0,0.0,13.034331513247531,0,0.0,0.8132402027512735,0,0.0
3640.0,2,0,0,3994,3996,0,0.0,0.0,14.74983334860189,0,0.0,0.977529684785152,0,0.0
3645.0,1,0,0,3995,3996,0,0.0,0.0,14.379402322751,0,0.0,0.9756235496241557,0,0.0
3650.0,1,0,0,3995,3996,0,0.0,0.0,14.475158788669384,0,0.0,0.9821204999898149,0,0.0
3655.0,1,0,0,3995,3996,0,0.0,0.0,14.371944907410532,0,0.0,0.9751175737941326,0,0.0
3660.0,1,0,0,3995,3996,0,0.0,0.0,14.579904632233545,0,0.0,0.9892273678145473,0,0.0
3665.0,1,0,0,3995,3996,0,0.0,0.0,14.598944552182681,0,0.0,0.9905192013600868,0,0.0
3670.0,1,0,0,3995,3996,0,0.0,0.0,14.248748643496535,0,0.0,0.9667588691969298,0,0.0
3675.0,1,0,0,3995,3996,0,0.0,0.0,14.447003427832849,0,0.0,0.9802101957599354,0,0.0
3680.0,1,0,0,3995,3996,0,0.0,0.0,14.697149579003915,0,0.0,0.9971822833650095,0,0.0
3685.0,1,0,0,3995,3996,0,0.0,0.0,6.063672895540367,0,0.0,0.41141223684567435,0,0.0
3690.0,1,0,1,3995,3996,0,3.0,3.0,0.00047919533728258583,1,3.0,3.251277385731692e-05,1,3.0
3695.0,1,0,1,3995,3996,0,8.0,8.0,0.0,1,8.0,0.0,1,8.0
3700.0,1,0,0,3995,3996,0,0.0,0.0,0.7564101730240509,0,12.0,0.05132143613576569,0,12.0
3705.0,1,0,0,3995,3996,0,0.0,0.0,4.881754558184184,0,0.0,1.0,0,0.0
3710.0,1,0,0,3995,3996,0,0.0,0.0,8.591984187369235,0,0.0,1.0,0,0.0
3715.0,1,0,0,3995,3996,0,0.0,0.0,12.120490554952994,0,0.0,1.0,0,0.0
3720.0,1,0,0,3995,3996,0,0.0,0.0,14.431762721096627,0,0.0,1.0,0,0.0
3725.0,1,0,0,3995,3996,0,0.0,0.0,14.610437393594063,0,0.0,1.0,0,0.0
3730.0,1,0,0,3995,3996,0,0.0,0.0,14.62259129219269,0,0.0,1.0,0,0.0
3735.0,1,0,0,3995,3996,0,0.0,0.0,14.623643652825146,0,0.0,1.0,0,0.0
3740.0,1,0,0,3995,3996,0,0.0,0.0,14.532277607648163,0,0.0,1.0,0,0.0
3745.0,1,0,0,3995,3996,0,0.0,0.0,14.4811568053537,0,0.0,1.0,0,0.0
3750.0,1,0,0,3995,3996,0,0.0,0.0,14.279976325282357,0,0.0,1.0,0,0.0
3755.0,1,0,0,3995,3996,0,0.0,0.0,14.288676305730357,0,0.0,1.0,0,0.0
3760.0,1,0,0,3995,3996,0,0.0,0.0,14.316188388560429,0,0.0,1.0,0,0.0
3765.0,0,0,0,3996,3996,0,0.0,0.0,0.0,0,0.0,1.0,0,0.0
3770.0,0,0,0,3996,3996,0,0.0,0.0,0.0,0,0.0,1.0,0,0.0
3775.0,0,0,0,3996,3996,0,0.0,0.0,0.0,0,0.0,1.0,0,0.0
3780.0,0,0,0,3996,3996,0,0.0,0.0,0.0,0,0.0,1.0,0,0.0
3785.0,0,0,0,3996,3996,0,0.0,0.0,0.0,0,0.0,1.0,0,0.0
3790.0,0,0,0,3996,3996,0,0.0,0.0,0.0,0,0.0,1.0,0,0.0
3795.0,0,0,0,3996,3996,0,0.0,0.0,0.0,0,0.0,1.0,0,0.0
3800.0,0,0,0,3996,3996,0,0.0,0.0,0.0,0,0.0,1.0,0,0.0
3805.0,0,0,0,3996,3996,0,0.0,0.0,0.0,0,0.0,1.0,0,0.0
3810.0,0,0,0,3996,3996,0,0.0,0.0,0.0,0,0.0,1.0,0,0.0
3815.0,0,0,0,3996,3996,0,0.0,0.0,0.0,0,0.0,1.0,0,0.0
3820.0,0,0,0,3996,3996,0,0.0,0.0,0.0,0,0.0,1.0,0,0.0
3825.0,0,0,0,3996,3996,0,0.0,0.0,0.0,0,0.0,1.0,0,0.0
3830.0,0,0,0,3996,3996,0,0.0,0.0,0.0,0,0.0,1.0,0,0.0
3835.0,0,0,0,3996,3996,0,0.0,0.0,0.0,0,0.0,1.0,0,0.0
3840.0,0,0,0,3996,3996,0,0.0,0.0,0.0,0,0.0,1.0,0,0.0
3845.0,0,0,0,3996,3996,0,0.0,0.0,0.0,0,0.0,1.0,0,0.0
3850.0,0,0,0,3996,3996,0,0.0,0.0,0.0,0,0.0,1.0,0,0.0
3855.0,0,0,0,3996,3996,0,0.0,0.0,0.0,0,0.0,1.0,0,0.0
3860.0,0,0,0,3996,3996,0,0.0,0.0,0.0,0,0.0,1.0,0,0.0
3865.0,0,0,0,3996,3996,0,0.0,0.0,0.0,0,0.0,1.0,0,0.0
3870.0,0,0,0,3996,3996,0,0.0,0.0,0.0,0,0.0,1.0,0,0.0
3875.0,0,0,0,3996,3996,0,0.0,0.0,0.0,0,0.0,1.0,0,0.0
3880.0,0,0,0,3996,3996,0,0.0,0.0,0.0,0,0.0,1.0,0,0.0
3885.0,0,0,0,3996,3996,0,0.0,0.0,0.0,0,0.0,1.0,0,0.0
3890.0,0,0,0,3996,3996,0,0.0,0.0,0.0,0,0.0,1.0,0,0.0
3895.0,0,0,0,3996,3996,0,0.0,0.0,0.0,0,0.0,1.0,0,0.0
3900.0,0,0,0,3996,3996,0,0.0,0.0,0.0,0,0.0,1.0,0,0.0
3905.0,0,0,0,3996,3996,0,0.0,0.0,0.0,0,0.0,1.0,0,0.0
3910.0,0,0,0,3996,3996,0,0.0,0.0,0.0,0,0.0,1.0,0,0.0
3915.0,0,0,0,3996,3996,0,0.0,0.0,0.0,0,0.0,1.0,0,0.0
3920.0,0,0,0,3996,3996,0,0.0,0.0,0.0,0,0.0,1.0,0,0.0
3925.0,0,0,0,3996,3996,0,0.0,0.0,0.0,0,0.0,1.0,0,0.0
3930.0,0,0,0,3996,3996,0,0.0,0.0,0.0,0,0.0,1.0,0,0.0
3935.0,0,0,0,3996,3996,0,0.0,0.0,0.0,0,0.0,1.0,0,0.0
3940.0,0,0,0,3996,3996,0,0.0,0.0,0.0,0,0.0,1.0,0,0.0
3945.0,0,0,0,3996,3996,0,0.0,0.0,0.0,0,0.0,1.0,0,0.0
3950.0,0,0,0,3996,3996,0,0.0,0.0,0.0,0,0.0,1.0,0,0.0
3955.0,1,0,0,3996,3997,0,0.0,0.0,13.530773081933148,0,0.0,0.9172671665543466,0,0.0
3960.0,1,0,0,3996,3997,0,0.0,0.0,14.40160510314379,0,0.0,0.9763019028405721,0,0.0
3965.0,1,0,0,3996,3997,0,0.0,0.0,14.295533783945555,0,0.0,0.9691112022187752,0,0.0
3970.0,1,0,0,3996,3997,0,0.0,0.0,14.35296495931905,0,0.0,0.9730045297609444,0,0.0
3975.0,1,0,0,3996,3997,0,0.0,0.0,14.334093632504644,0,0.0,0.9717252201182984,0,0.0
3980.0,1,0,0,3996,3997,0,0.0,0.0,14.51106164113369,0,0.0,0.9837220914620857,0,0.0
3985.0,1,0,0,3996,3997,0,0.0,0.0,14.575355256071614,0,0.0,0.9880806319271822,0,0.0
3990.0,1,0,0,3996,3997,0,0.0,0.0,14.723230225129353,0,0.0,0.9981052515886425,0,0.0
3995.0,1,0,0,3996,3997,0,0.0,0.0,14.667109666371086,0,0.0,0.9943007723023571,0,0.0
4000.0,1,0,0,3996,3997,0,0.0,0.0,14.354344596483113,0,0.0,0.9730980570017524,0,0.0
4005.0,1,0,0,3996,3997,0,0.0,0.0,14.339892041499095,0,0.0,1.0,0,0.0
4010.0,1,0,0,3996,3997,0,0.0,0.0,14.513583299915606,0,0.0,1.0,0,0.0
4015.0,1,0,0,3996,3997,0,0.0,0.0,14.667704289525116,0,0.0,1.0,0,0.0
4020.0,1,0,0,3996,3997,0,0.0,0.0,14.6820807760603,0,0.0,1.0,0,0.0
4025.0,1,0,0,3996,3997,0,0.0,0.0,14.347425829481633,0,0.0,1.0,0,0.0
4030.0,1,0,0,3996,3997,0,0.0,0.0,14.515207177821846,0,0.0,1.0,0,0.0
4035.0,1,0,0,3996,3997,0,0.0,0.0,14.31966968670238,0,0.0,1.0,0,0.0
4040.0,1,0,0,3996,3997,0,0.0,0.0,14.307762714198159,0,0.0,1.0,0,0.0
4045.0,1,0,0,3996,3997,0,0.0,0.0,14.326233082662636,0,0.0,1.0,0,0.0
4050.0,1,0,0,3996,3997,0,0.0,0.0,14.341537789653355,0,0.0,1.0,0,0.0
4055.0,1,0,0,3996,3997,0,0.0,0.0,14.676201793227644,0,0.0,1.0,0,0.0
4060.0,0,0,0,3997,3997,0,0.0,0.0,0.0,0,0.0,1.0,0,0.0
4065.0,0,0,0,3997,3997,0,0.0,0.0,0.0,0,0.0,1.0,0,0.0
4070.0,0,0,0,3997,3997,0,0.0,0.0,0.0,0,0.0,1.0,0,0.0
4075.0,0,0,0,3997,3997,0,0.0,0.0,0.0,0,0.0,1.0,0,0.0
4080.0,0,0,0,3997,3997,0,0.0,0.0,0.0,0,0.0,1.0,0,0.0
4085.0,0,0,0,3997,3997,0,0.0,0.0,0.0,0,0.0,1.0,0,0.0
4090.0,0,0,0,3997,3997,0,0.0,0.0,0.0,0,0.0,1.0,0,0.0
4095.0,0,0,0,3997,3997,0,0.0,0.0,0.0,0,0.0,1.0,0,0.0
4100.0,0,0,0,3997,3997,0,0.0,0.0,0.0,0,0.0,1.0,0,0.0
4105.0,0,0,0,3997,3997,0,0.0,0.0,0.0,0,0.0,1.0,0,0.0
4110.0,0,0,0,3997,3997,0,0.0,0.0,0.0,0,0.0,1.0,0,0.0
4115.0,0,0,0,3997,3997,0,0.0,0.0,0.0,0,0.0,1.0,0,0.0
4120.0,0,0,0,3997,3997,0,0.0,0.0,0.0,0,0.0,1.0,0,0.0
4125.0,0,0,0,3997,3997,0,0.0,0.0,0.0,0,0.0,1.0,0,0.0
4130.0,0,0,0,3997,3997,0,0.0,0.0,0.0,0,0.0,1.0,0,0.0
4135.0,0,0,0,3997,3997,0,0.0,0.0,0.0,0,0.0,1.0,0,0.0
4140.0,0,0,0,3997,3997,0,0.0,0.0,0.0,0,0.0,1.0,0,0.0
4145.0,0,0,0,3997,3997,0,0.0,0.0,0.0,0,0.0,1.0,0,0.0
4150.0,0,0,0,3997,3997,0,0.0,0.0,0.0,0,0.0,1.0,0,0.0
4155.0,0,0,0,3997,3997,0,0.0,0.0,0.0,0,0.0,1.0,0,0.0
4160.0,0,0,0,3997,3997,0,0.0,0.0,0.0,0,0.0,1.0,0,0.0
4165.0,0,0,0,3997,3997,0,0.0,0.0,0.0,0,0.0,1.0,0,0.0
4170.0,0,0,0,3997,3997,0,0.0,0.0,0.0,0,0.0,1.0,0,0.0
4175.0,0,0,0,3997,3997,0,0.0,0.0,0.0,0,0.0,1.0,0,0.0
4180.0,1,0,0,3997,3998,0,0.0,0.0,10.0,0,0.0,0.6921192122742083,0,0.0
4185.0,1,0,0,3997,3998,0,0.0,0.0,13.842420446570031,0,0.0,0.9580605135448443,0,0.0
4190.0,1,0,0,3997,3998,0,0.0,0.0,14.051527409056641,0,0.0,0.9725332081605729,0,0.0
4195.0,1,0,0,3997,3998,0,0.0,0.0,14.24361517239499,0,0.0,0.9858279713054982,0,0.0
4200.0,1,0,0,3997,3998,0,0.0,0.0,14.065319985092126,0,0.0,0.973487818846664,0,0.0
4205.0,1,0,0,3997,3998,0,0.0,0.0,14.094543019250475,0,0.0,0.9755104011848579,0,0.0
4210.0,1,0,0,3997,3998,0,0.0,0.0,14.007824363942698,0,0.0,0.9695084364447482,0,0.0
4215.0,1,0,0,3997,3998,0,0.0,0.0,13.968252436198734,0,0.0,0.9667695872989157,0,0.0
4220.0,1,0,0,3997,3998,0,0.0,0.0,14.129622978914037,0,0.0,0.9779383525897535,0,0.0
4225.0,1,0,0,3997,3998,0,0.0,0.0,14.008976170384765,0,0.0,0.9695881551814858,0,0.0
4230.0,1,0,0,3997,3998,0,0.0,0.0,14.098511172632195,0,0.0,0.9757850447041319,0,0.0
4235.0,1,0,0,3997,3998,0,0.0,0.0,14.112561187996969,0,0.0,1.0,0,0.0
4240.0,1,0,0,3997,3998,0,0.0,0.0,14.277751676446266,0,0.0,1.0,0,0.0
4245.0,2,0,0,3997,3999,0,0.0,0.0,12.223678832785911,0,0.0,0.6801534290105162,0,0.0
4250.0,2,0,0,3997,3999,0,0.0,0.0,13.846390014542951,0,0.0,0.9192782836942196,0,0.0
4255.0,2,0,0,3997,3999,0,0.0,0.0,14.499248734798762,0,0.0,0.9955106411137348,0,0.0
4260.0,2,0,0,3997,3999,0,0.0,0.0,14.292746849539704,0,0.0,0.9867064400679676,0,0.0
4265.0,2,0,0,3997,3999,0,0.0,0.0,14.331901701116017,0,0.0,0.9903469400603039,0,0.0
4270.0,2,0,0,3997,3999,0,0.0,0.0,14.37306582276478,0,0.0,0.9912078321873034,0,0.0
4275.0,2,0,0,3997,3999,0,0.0,0.0,14.393864814490094,0,0.0,0.9979979241968586,0,0.0
4280.0,2,0,0,3997,3999,0,0.0,0.0,14.249089297612677,0,0.0,0.9785176408851959,0,0.0
4285.0,2,0,0,3997,3999,0,0.0,0.0,14.285485631851493,0,0.0,0.9745169475093286,0,0.0
4290.0,1,0,0,3998,3999,0,0.0,0.0,14.51540997154411,0,0.0,0.9872705865639165,0,0.0
4295.0,1,0,0,3998,3999,0,0.0,0.0,14.60535421299614,0,0.0,0.9933881749882514,0,0.0
4300.0,1,0,1,3998,3999,0,1.0,1.0,0.08913532556308396,1,1.0,0.006062569732770027,1,1.0
4305.0,1,0,1,3998,3999,0,6.0,6.0,0.0,1,6.0,0.0,1,6.0
4310.0,1,0,1,3998,3999,0,11.0,11.0,0.0,1,11.0,0.0,1,11.0
4315.0,1,0,1,3998,3999,0,16.0,16.0,0.0,1,16.0,0.0,1,16.0
4320.0,2,0,1,3998,4000,0,21.0,10.5,5.4683082675910555,1,21.0,0.4179264334718997,1,21.0
4325.0,2,0,1,3998,4000,0,26.0,13.0,6.3518240044867245,1,26.0,0.48545089675527037,1,26.0
4330.0,2,0,1,3998,4000,0,31.0,15.5,6.437230701609105,1,31.0,0.49197827498200947,1,31.0
4335.0,2,0,0,3998,4000,0,0.0,0.0,6.698637219254914,0,35.0,0.5096063108610821,0,35.0
4340.0,2,0,0,3998,4000,0,0.0,0.0,8.651664020835478,0,0.0,0.9725506320174133,0,0.0
4345.0,2,0,0,3998,4000,0,0.0,0.0,10.63434097449487,0,0.0,0.9651789406894427,0,0.0
4350.0,2,0,0,3998,4000,0,0.0,0.0,12.532541132524665,0,0.0,0.9841710809779889,0,0.0
4355.0,2,0,0,3998,4000,0,0.0,0.0,13.717238664190601,0,0.0,0.9737468370090298,0,0.0
4360.0,2,0,0,3998,4000,0,0.0,0.0,13.78950132770123,0,0.0,0.9915119501626539,0,0.0
4365.0,2,0,0,3998,4000,0,0.0,0.0,13.740884173457827,0,0.0,0.9866380608969669,0,0.0
4370.0,2,0,0,3998,4000,0,0.0,0.0,13.700730028940681,0,0.0,0.9986001013909179,0,0.0
4375.0,2,0,0,3998,4000,0,0.0,0.0,13.723638987314272,0,0.0,0.9961815196473808,0,0.0
4380.0,2,0,0,3998,4000,0,0.0,0.0,13.522494172357339,0,0.0,1.0,0,0.0
4385.0,2,0,0,3998,4000,0,0.0,0.0,13.781251660169884,0,0.0,1.0,0,0.0
4390.0,2,0,0,3998,4000,0,0.0,0.0,13.649622499564513,0,0.0,1.0,0,0.0
4395.0,2,0,0,3998,4000,0,0.0,0.0,13.650641331944,0,0.0,1.0,0,0.0
4400.0,1,0,0,3999,4000,0,0.0,0.0,12.666084659154638,0,0.0,1.0,0,0.0
4405.0,1,0,0,3999,4000,0,0.0,0.0,13.038741026640981,0,0.0,1.0,0,0.0
4410.0,1,0,0,3999,4000,0,0.0,0.0,12.814411925602816,0,0.0,1.0,0,0.0
4415.0,1,0,0,3999,4000,0,0.0,0.0,12.671160030513182,0,0.0,1.0,0,0.0
4420.0,1,0,0,3999,4000,0,0.0,0.0,12.948168041868247,0,0.0,1.0,0,0.0
4425.0,1,0,0,3999,4000,0,0.0,0.0,12.94433903541334,0,0.0,1.0,0,0.0
4430.0,1,0,0,3999,4000,0,0.0,0.0,13.055023131877295,0,0.0,1.0,0,0.0
4435.0,1,0,0,3999,4000,0,0.0,0.0,12.760675806188136,0,0.0,1.0,0,0.0
4440.0,0,0,0,4000,4000,0,0.0,0.0,0.0,0,0.0,1.0,0,0.0
4445.0,0,0,0,4000,4000,0,0.0,0.0,0.0,0,0.0,1.0,0,0.0
4450.0,0,0,0,4000,4000,0,0.0,0.0,0.0,0,0.0,1.0,0,0.0
4455.0,0,0,0,4000,4000,0,0.0,0.0,0.0,0,0.0,1.0,0,0.0
4460.0,0,0,0,4000,4000,0,0.0,0.0,0.0,0,0.0,1.0,0,0.0
4465.0,0,0,0,4000,4000,0,0.0,0.0,0.0,0,0.0,1.0,0,0.0
4470.0,0,0,0,4000,4000,0,0.0,0.0,0.0,0,0.0,1.0,0,0.0
4475.0,0,0,0,4000,4000,0,0.0,0.0,0.0,0,0.0,1.0,0,0.0
4480.0,0,0,0,4000,4000,0,0.0,0.0,0.0,0,0.0,1.0,0,0.0
4485.0,0,0,0,4000,4000,0,0.0,0.0,0.0,0,0.0,1.0,0,0.0
4490.0,0,0,0,4000,4000,0,0.0,0.0,0.0,0,0.0,1.0,0,0.0
4495.0,0,0,0,4000,4000,0,0.0,0.0,0.0,0,0.0,1.0,0,0.0
4500.0,0,0,0,4000,4000,0,0.0,0.0,0.0,0,0.0,1.0,0,0.0
4505.0,0,0,0,4000,4000,0,0.0,0.0,0.0,0,0.0,1.0,0,0.0
4510.0,0,0,0,4000,4000,0,0.0,0.0,0.0,0,0.0,1.0,0,0.0
4515.0,0,0,0,4000,4000,0,0.0,0.0,0.0,0,0.0,1.0,0,0.0
4520.0,0,0,0,4000,4000,0,0.0,0.0,0.0,0,0.0,1.0,0,0.0
4525.0,0,0,0,4000,4000,0,0.0,0.0,0.0,0,0.0,1.0,0,0.0
4530.0,0,0,0,4000,4000,0,0.0,0.0,0.0,0,0.0,1.0,0,0.0
4535.0,0,0,0,4000,4000,0,0.0,0.0,0.0,0,0.0,1.0,0,0.0
4540.0,0,0,0,4000,4000,0,0.0,0.0,0.0,0,0.0,1.0,0,0.0
4545.0,0,0,0,4000,4000,0,0.0,0.0,0.0,0,0.0,1.0,0,0.0
4550.0,0,0,0,4000,4000,0,0.0,0.0,0.0,0,0.0,1.0,0,0.0
4555.0,0,0,0,4000,4000,0,0.0,0.0,0.0,0,0.0,1.0,0,0.0
4560.0,0,0,0,4000,4000,0,0.0,0.0,0.0,0,0.0,1.0,0,0.0
4565.0,0,0,0,4000,4000,0,0.0,0.0,0.0,0,0.0,1.0,0,0.0
4570.0,0,0,0,4000,4000,0,0.0,0.0,0.0,0,0.0,1.0,0,0.0
4575.0,0,0,0,4000,4000,0,0.0,0.0,0.0,0,0.0,1.0,0,0.0
4580.0,0,0,0,4000,4000,0,0.0,0.0,0.0,0,0.0,1.0,0,0.0
4585.0,0,0,0,4000,4000,0,0.0,0.0,0.0,0,0.0,1.0,0,0.0
4590.0,0,0,0,4000,4000,0,0.0,0.0,0.0,0,0.0,1.0,0,0.0
4595.0,0,0,0,4000,4000,0,0.0,0.0,0.0,0,0.0,1.0,0,0.0
4600.0,0,0,0,4000,4000,0,0.0,0.0,0.0,0,0.0,1.0,0,0.0
4605.0,0,0,0,4000,4000,0,0.0,0.0,0.0,0,0.0,1.0,0,0.0
4610.0,0,0,0,4000,4000,0,0.0,0.0,0.0,0,0.0,1.0,0,0.0
4615.0,0,0,0,4000,4000,0,0.0,0.0,0.0,0,0.0,1.0,0,0.0
4620.0,0,0,0,4000,4000,0,0.0,0.0,0.0,0,0.0,1.0,0,0.0
4625.0,0,0,0,4000,4000,0,0.0,0.0,0.0,0,0.0,1.0,0,0.0
4630.0,0,0,0,4000,4000,0,0.0,0.0,0.0,0,0.0,1.0,0,0.0
4635.0,0,0,0,4000,4000,0,0.0,0.0,0.0,0,0.0,1.0,0,0.0
4640.0,0,0,0,4000,4000,0,0.0,0.0,0.0,0,0.0,1.0,0,0.0
4645.0,0,0,0,4000,4000,0,0.0,0.0,0.0,0,0.0,1.0,0,0.0
4650.0,0,0,0,4000,4000,0,0.0,0.0,0.0,0,0.0,1.0,0,0.0
4655.0,0,0,0,4000,4000,0,0.0,0.0,0.0,0,0.0,1.0,0,0.0
4660.0,0,0,0,4000,4000,0,0.0,0.0,0.0,0,0.0,1.0,0,0.0
4665.0,0,0,0,4000,4000,0,0.0,0.0,0.0,0,0.0,1.0,0,0.0
4670.0,0,0,0,4000,4000,0,0.0,0.0,0.0,0,0.0,1.0,0,0.0
4675.0,0,0,0,4000,4000,0,0.0,0.0,0.0,0,0.0,1.0,0,0.0
4680.0,0,0,0,4000,4000,0,0.0,0.0,0.0,0,0.0,1.0,0,0.0
4685.0,0,0,0,4000,4000,0,0.0,0.0,0.0,0,0.0,1.0,0,0.0
4690.0,0,0,0,4000,4000,0,0.0,0.0,0.0,0,0.0,1.0,0,0.0
4695.0,0,0,0,4000,4000,0,0.0,0.0,0.0,0,0.0,1.0,0,0.0
4700.0,0,0,0,4000,4000,0,0.0,0.0,0.0,0,0.0,1.0,0,0.0
4705.0,0,0,0,4000,4000,0,0.0,0.0,0.0,0,0.0,1.0,0,0.0
4710.0,0,0,0,4000,4000,0,0.0,0.0,0.0,0,0.0,1.0,0,0.0
4715.0,0,0,0,4000,4000,0,0.0,0.0,0.0,0,0.0,1.0,0,0.0
4720.0,0,0,0,4000,4000,0,0.0,0.0,0.0,0,0.0,1.0,0,0.0
4725.0,0,0,0,4000,4000,0,0.0,0.0,0.0,0,0.0,1.0,0,0.0
4730.0,0,0,0,4000,4000,0,0.0,0.0,0.0,0,0.0,1.0,0,0.0
4735.0,0,0,0,4000,4000,0,0.0,0.0,0.0,0,0.0,1.0,0,0.0
4740.0,0,0,0,4000,4000,0,0.0,0.0,0.0,0,0.0,1.0,0,0.0
4745.0,0,0,0,4000,4000,0,0.0,0.0,0.0,0,0.0,1.0,0,0.0
4750.0,0,0,0,4000,4000,0,0.0,0.0,0.0,0,0.0,1.0,0,0.0
4755.0,0,0,0,4000,4000,0,0.0,0.0,0.0,0,0.0,1.0,0,0.0
4760.0,0,0,0,4000,4000,0,0.0,0.0,0.0,0,0.0,1.0,0,0.0
4765.0,0,0,0,4000,4000,0,0.0,0.0,0.0,0,0.0,1.0,0,0.0
4770.0,0,0,0,4000,4000,0,0.0,0.0,0.0,0,0.0,1.0,0,0.0
4775.0,0,0,0,4000,4000,0,0.0,0.0,0.0,0,0.0,1.0,0,0.0
4780.0,0,0,0,4000,4000,0,0.0,0.0,0.0,0,0.0,1.0,0,0.0
4785.0,0,0,0,4000,4000,0,0.0,0.0,0.0,0,0.0,1.0,0,0.0
4790.0,0,0,0,4000,4000,0,0.0,0.0,0.0,0,0.0,1.0,0,0.0
4795.0,0,0,0,4000,4000,0,0.0,0.0,0.0,0,0.0,1.0,0,0.0
4800.0,0,0,0,4000,4000,0,0.0,0.0,0.0,0,0.0,1.0,0,0.0
4805.0,0,0,0,4000,4000,0,0.0,0.0,0.0,0,0.0,1.0,0,0.0
4810.0,0,0,0,4000,4000,0,0.0,0.0,0.0,0,0.0,1.0,0,0.0
4815.0,0,0,0,4000,4000,0,0.0,0.0,0.0,0,0.0,1.0,0,0.0
4820.0,0,0,0,4000,4000,0,0.0,0.0,0.0,0,0.0,1.0,0,0.0
4825.0,0,0,0,4000,4000,0,0.0,0.0,0.0,0,0.0,1.0,0,0.0
4830.0,0,0,0,4000,4000,0,0.0,0.0,0.0,0,0.0,1.0,0,0.0
4835.0,0,0,0,4000,4000,0,0.0,0.0,0.0,0,0.0,1.0,0,0.0
4840.0,0,0,0,4000,4000,0,0.0,0.0,0.0,0,0.0,1.0,0,0.0
4845.0,0,0,0,4000,4000,0,0.0,0.0,0.0,0,0.0,1.0,0,0.0
4850.0,0,0,0,4000,4000,0,0.0,0.0,0.0,0,0.0,1.0,0,0.0
4855.0,0,0,0,4000,4000,0,0.0,0.0,0.0,0,0.0,1.0,0,0.0
4860.0,0,0,0,4000,4000,0,0.0,0.0,0.0,0,0.0,1.0,0,0.0
4865.0,0,0,0,4000,4000,0,0.0,0.0,0.0,0,0.0,1.0,0,0.0
4870.0,0,0,0,4000,4000,0,0.0,0.0,0.0,0,0.0,1.0,0,0.0
4875.0,0,0,0,4000,4000,0,0.0,0.0,0.0,0,0.0,1.0,0,0.0
4880.0,0,0,0,4000,4000,0,0.0,0.0,0.0,0,0.0,1.0,0,0.0
4885.0,0,0,0,4000,4000,0,0.0,0.0,0.0,0,0.0,1.0,0,0.0
4890.0,0,0,0,4000,4000,0,0.0,0.0,0.0,0,0.0,1.0,0,0.0
4895.0,0,0,0,4000,4000,0,0.0,0.0,0.0,0,0.0,1.0,0,0.0
4900.0,0,0,0,4000,4000,0,0.0,0.0,0.0,0,0.0,1.0,0,0.0
4905.0,0,0,0,4000,4000,0,0.0,0.0,0.0,0,0.0,1.0,0,0.0
4910.0,0,0,0,4000,4000,0,0.0,0.0,0.0,0,0.0,1.0,0,0.0
4915.0,0,0,0,4000,4000,0,0.0,0.0,0.0,0,0.0,1.0,0,0.0
4920.0,0,0,0,4000,4000,0,0.0,0.0,0.0,0,0.0,1.0,0,0.0
4925.0,0,0,0,4000,4000,0,0.0,0.0,0.0,0,0.0,1.0,0,0.0
4930.0,0,0,0,4000,4000,0,0.0,0.0,0.0,0,0.0,1.0,0,0.0
4935.0,0,0,0,4000,4000,0,0.0,0.0,0.0,0,0.0,1.0,0,0.0
4940.0,0,0,0,4000,4000,0,0.0,0.0,0.0,0,0.0,1.0,0,0.0
4945.0,0,0,0,4000,4000,0,0.0,0.0,0.0,0,0.0,1.0,0,0.0
4950.0,0,0,0,4000,4000,0,0.0,0.0,0.0,0,0.0,1.0,0,0.0
4955.0,0,0,0,4000,4000,0,0.0,0.0,0.0,0,0.0,1.0,0,0.0
4960.0,0,0,0,4000,4000,0,0.0,0.0,0.0,0,0.0,1.0,0,0.0
4965.0,0,0,0,4000,4000,0,0.0,0.0,0.0,0,0.0,1.0,0,0.0
4970.0,0,0,0,4000,4000,0,0.0,0.0,0.0,0,0.0,1.0,0,0.0
4975.0,0,0,0,4000,4000,0,0.0,0.0,0.0,0,0.0,1.0,0,0.0
4980.0,0,0,0,4000,4000,0,0.0,0.0,0.0,0,0.0,1.0,0,0.0
4985.0,0,0,0,4000,4000,0,0.0,0.0,0.0,0,0.0,1.0,0,0.0
4990.0,0,0,0,4000,4000,0,0.0,0.0,0.0,0,0.0,1.0,0,0.0
4995.0,0,0,0,4000,4000,0,0.0,0.0,0.0,0,0.0,1.0,0,0.0
5000.0,0,0,0,4000,4000,0,0.0,0.0,0.0,0,0.0,1.0,0,0.0
5005.0,0,0,0,4000,4000,0,0.0,0.0,0.0,0,0.0,1.0,0,0.0
5010.0,0,0,0,4000,4000,0,0.0,0.0,0.0,0,0.0,1.0,0,0.0
5015.0,0,0,0,4000,4000,0,0.0,0.0,0.0,0,0.0,1.0,0,0.0
5020.0,0,0,0,4000,4000,0,0.0,0.0,0.0,0,0.0,1.0,0,0.0
5025.0,0,0,0,4000,4000,0,0.0,0.0,0.0,0,0.0,1.0,0,0.0
5030.0,0,0,0,4000,4000,0,0.0,0.0,0.0,0,0.0,1.0,0,0.0
5035.0,0,0,0,4000,4000,0,0.0,0.0,0.0,0,0.0,1.0,0,0.0
5040.0,0,0,0,4000,4000,0,0.0,0.0,0.0,0,0.0,1.0,0,0.0
5045.0,0,0,0,4000,4000,0,0.0,0.0,0.0,0,0.0,1.0,0,0.0
5050.0,0,0,0,4000,4000,0,0.0,0.0,0.0,0,0.0,1.0,0,0.0
5055.0,0,0,0,4000,4000,0,0.0,0.0,0.0,0,0.0,1.0,0,0.0
5060.0,0,0,0,4000,4000,0,0.0,0.0,0.0,0,0.0,1.0,0,0.0
5065.0,0,0,0,4000,4000,0,0.0,0.0,0.0,0,0.0,1.0,0,0.0
5070.0,0,0,0,4000,4000,0,0.0,0.0,0.0,0,0.0,1.0,0,0.0
5075.0,0,0,0,4000,4000,0,0.0,0.0,0.0,0,0.0,1.0,0,0.0
5080.0,0,0,0,4000,4000,0,0.0,0.0,0.0,0,0.0,1.0,0,0.0
5085.0,0,0,0,4000,4000,0,0.0,0.0,0.0,0,0.0,1.0,0,0.0
5090.0,0,0,0,4000,4000,0,0.0,0.0,0.0,0,0.0,1.0,0,0.0
5095.0,0,0,0,4000,4000,0,0.0,0.0,0.0,0,0.0,1.0,0,0.0
5100.0,0,0,0,4000,4000,0,0.0,0.0,0.0,0,0.0,1.0,0,0.0
5105.0,0,0,0,4000,4000,0,0.0,0.0,0.0,0,0.0,1.0,0,0.0
5110.0,0,0,0,4000,4000,0,0.0,0.0,0.0,0,0.0,1.0,0,0.0
5115.0,0,0,0,4000,4000,0,0.0,0.0,0.0,0,0.0,1.0,0,0.0
5120.0,0,0,0,4000,4000,0,0.0,0.0,0.0,0,0.0,1.0,0,0.0
5125.0,0,0,0,4000,4000,0,0.0,0.0,0.0,0,0.0,1.0,0,0.0
5130.0,0,0,0,4000,4000,0,0.0,0.0,0.0,0,0.0,1.0,0,0.0
5135.0,0,0,0,4000,4000,0,0.0,0.0,0.0,0,0.0,1.0,0,0.0
5140.0,0,0,0,4000,4000,0,0.0,0.0,0.0,0,0.0,1.0,0,0.0
5145.0,0,0,0,4000,4000,0,0.0,0.0,0.0,0,0.0,1.0,0,0.0
5150.0,0,0,0,4000,4000,0,0.0,0.0,0.0,0,0.0,1.0,0,0.0
5155.0,0,0,0,4000,4000,0,0.0,0.0,0.0,0,0.0,1.0,0,0.0
5160.0,0,0,0,4000,4000,0,0.0,0.0,0.0,0,0.0,1.0,0,0.0
5165.0,0,0,0,4000,4000,0,0.0,0.0,0.0,0,0.0,1.0,0,0.0
5170.0,0,0,0,4000,4000,0,0.0,0.0,0.0,0,0.0,1.0,0,0.0
5175.0,0,0,0,4000,4000,0,0.0,0.0,0.0,0,0.0,1.0,0,0.0
5180.0,0,0,0,4000,4000,0,0.0,0.0,0.0,0,0.0,1.0,0,0.0
5185.0,0,0,0,4000,4000,0,0.0,0.0,0.0,0,0.0,1.0,0,0.0
5190.0,0,0,0,4000,4000,0,0.0,0.0,0.0,0,0.0,1.0,0,0.0
5195.0,0,0,0,4000,4000,0,0.0,0.0,0.0,0,0.0,1.0,0,0.0
5200.0,0,0,0,4000,4000,0,0.0,0.0,0.0,0,0.0,1.0,0,0.0
5205.0,0,0,0,4000,4000,0,0.0,0.0,0.0,0,0.0,1.0,0,0.0
5210.0,0,0,0,4000,4000,0,0.0,0.0,0.0,0,0.0,1.0,0,0.0
5215.0,0,0,0,4000,4000,0,0.0,0.0,0.0,0,0.0,1.0,0,0.0
5220.0,0,0,0,4000,4000,0,0.0,0.0,0.0,0,0.0,1.0,0,0.0
5225.0,0,0,0,4000,4000,0,0.0,0.0,0.0,0,0.0,1.0,0,0.0
5230.0,0,0,0,4000,4000,0,0.0,0.0,0.0,0,0.0,1.0,0,0.0
5235.0,0,0,0,4000,4000,0,0.0,0.0,0.0,0,0.0,1.0,0,0.0
5240.0,0,0,0,4000,4000,0,0.0,0.0,0.0,0,0.0,1.0,0,0.0
5245.0,0,0,0,4000,4000,0,0.0,0.0,0.0,0,0.0,1.0,0,0.0
5250.0,0,0,0,4000,4000,0,0.0,0.0,0.0,0,0.0,1.0,0,0.0
5255.0,0,0,0,4000,4000,0,0.0,0.0,0.0,0,0.0,1.0,0,0.0
5260.0,0,0,0,4000,4000,0,0.0,0.0,0.0,0,0.0,1.0,0,0.0
5265.0,0,0,0,4000,4000,0,0.0,0.0,0.0,0,0.0,1.0,0,0.0
5270.0,0,0,0,4000,4000,0,0.0,0.0,0.0,0,0.0,1.0,0,0.0
5275.0,0,0,0,4000,4000,0,0.0,0.0,0.0,0,0.0,1.0,0,0.0
5280.0,0,0,0,4000,4000,0,0.0,0.0,0.0,0,0.0,1.0,0,0.0
5285.0,0,0,0,4000,4000,0,0.0,0.0,0.0,0,0.0,1.0,0,0.0
5290.0,0,0,0,4000,4000,0,0.0,0.0,0.0,0,0.0,1.0,0,0.0
5295.0,0,0,0,4000,4000,0,0.0,0.0,0.0,0,0.0,1.0,0,0.0
5300.0,0,0,0,4000,4000,0,0.0,0.0,0.0,0,0.0,1.0,0,0.0
5305.0,0,0,0,4000,4000,0,0.0,0.0,0.0,0,0.0,1.0,0,0.0
5310.0,0,0,0,4000,4000,0,0.0,0.0,0.0,0,0.0,1.0,0,0.0
5315.0,0,0,0,4000,4000,0,0.0,0.0,0.0,0,0.0,1.0,0,0.0
5320.0,0,0,0,4000,4000,0,0.0,0.0,0.0,0,0.0,1.0,0,0.0
5325.0,0,0,0,4000,4000,0,0.0,0.0,0.0,0,0.0,1.0,0,0.0
5330.0,0,0,0,4000,4000,0,0.0,0.0,0.0,0,0.0,1.0,0,0.0
5335.0,0,0,0,4000,4000,0,0.0,0.0,0.0,0,0.0,1.0,0,0.0
5340.0,0,0,0,4000,4000,0,0.0,0.0,0.0,0,0.0,1.0,0,0.0
5345.0,0,0,0,4000,4000,0,0.0,0.0,0.0,0,0.0,1.0,0,0.0
5350.0,0,0,0,4000,4000,0,0.0,0.0,0.0,0,0.0,1.0,0,0.0
5355.0,0,0,0,4000,4000,0,0.0,0.0,0.0,0,0.0,1.0,0,0.0
5360.0,0,0,0,4000,4000,0,0.0,0.0,0.0,0,0.0,1.0,0,0.0
5365.0,0,0,0,4000,4000,0,0.0,0.0,0.0,0,0.0,1.0,0,0.0
5370.0,0,0,0,4000,4000,0,0.0,0.0,0.0,0,0.0,1.0,0,0.0
5375.0,0,0,0,4000,4000,0,0.0,0.0,0.0,0,0.0,1.0,0,0.0
5380.0,0,0,0,4000,4000,0,0.0,0.0,0.0,0,0.0,1.0,0,0.0
5385.0,0,0,0,4000,4000,0,0.0,0.0,0.0,0,0.0,1.0,0,0.0
5390.0,0,0,0,4000,4000,0,0.0,0.0,0.0,0,0.0,1.0,0,0.0
5395.0,0,0,0,4000,4000,0,0.0,0.0,0.0,0,0.0,1.0,0,0.0
5400.0,0,0,0,4000,4000,0,0.0,0.0,0.0,0,0.0,1.0,0,0.0
